dataset,battery_id,cycle,soh,y_true,linear_regression,random_forest,xgboost,trajectory extrapolation (no ML)
nasa,B0005,6,91.78308300337747,69.0,80.09179159787243,68.8760201742702,54.38898468017578,56.57936410814375
nasa,B0005,7,91.75730714613302,68.0,79.46835413487815,68.83652017427019,45.36930465698242,66.11023315682709
nasa,B0005,8,91.28783952832768,67.0,75.52081666719069,72.05772255522258,54.545982360839844,51.424182355758674
nasa,B0005,9,91.23869264945667,66.0,73.97595975275142,71.95996065046067,54.29305648803711,56.70099414886284
nasa,B0005,10,91.2306634248468,65.0,73.16287094153483,71.96390509490512,56.63523864746094,63.42190361958291
nasa,B0005,11,91.23097763432251,64.0,71.33988879510828,71.7179923964924,64.7916259765625,70.48464985424071
nasa,B0005,12,90.71009678836958,63.0,71.67426707698971,66.01625577200579,60.55925369262695,55.721751580064506
nasa,B0005,13,90.68760788774527,62.0,69.61697849803502,66.36111075036077,60.6700439453125,60.02129644697385
nasa,B0005,14,90.67202457367911,61.0,69.02517322481404,65.87600790875791,59.219757080078125,64.45817231110428
nasa,B0005,15,90.12990018153252,60.0,66.42596040358188,62.10635461760462,46.426761627197266,52.63319217129414
nasa,B0005,16,90.10534501230751,59.0,65.27630948674675,61.104866522366535,45.484073638916016,55.7479676877677
nasa,B0005,17,90.12897504131045,58.0,63.311298308969896,59.95419985569987,46.31344223022461,60.12608191344524
nasa,B0005,18,90.15341571417048,57.0,61.74780891585944,59.10981854256854,49.78019714355469,64.62409363908785
nasa,B0005,19,90.13888123598021,56.0,60.56301755526995,58.585901875901875,48.44524383544922,67.95775650042326
nasa,B0005,20,92.35129974664596,55.0,62.19788584056751,67.65713924963926,64.6017837524414,172.0
nasa,B0005,21,92.3708655641822,54.0,60.45146247162465,68.19186940836941,64.54936981201172,172.0
nasa,B0005,22,91.80887106739473,53.0,59.372284688500116,67.71402092352092,62.34311294555664,172.0
nasa,B0005,23,91.2890373788812,52.0,58.39925248620287,66.69411327561328,60.897335052490234,161.76211626047956
nasa,B0005,24,91.25568217539184,51.0,57.73297841687758,65.70606385281387,59.82906723022461,165.02997868149635
nasa,B0005,25,91.2790752110188,50.0,55.26196740202368,64.38899675324676,59.94407272338867,172.0
nasa,B0005,26,90.70155637541953,49.0,54.305244367088605,60.74236904761904,55.51922607421875,126.03027185321498
nasa,B0005,27,90.7384597057947,48.0,52.29576426087853,58.99258333333332,56.243709564208984,170.1381707500118
nasa,B0005,28,90.69846943551761,47.0,51.928757346845146,56.107221001221,51.37272644042969,172.0
nasa,B0005,29,90.13828325839116,46.0,50.88742819932749,48.354512413584004,48.53028106689453,155.98864790609875
nasa,B0005,30,90.2038520058676,45.0,49.4170751319283,48.06614254897149,47.17255401611328,166.9015924229471
nasa,B0005,31,92.59012758352243,44.0,132.3998139384159,50.61232373182371,52.187286376953125,172.0
nasa,B0005,32,91.53519228369714,43.0,46.84492580649864,50.97981077256076,50.69183349609375,172.0
nasa,B0005,33,90.99520544750634,42.0,46.02219105034168,49.37786524586523,49.737030029296875,172.0
nasa,B0005,34,90.46539818514259,41.0,44.14052170335979,45.942480325230335,44.955055236816406,172.0
nasa,B0005,35,90.23049522902599,40.0,43.99496852342082,44.978272505272514,43.68727111816406,172.0
nasa,B0005,36,89.96885325986096,39.0,42.242000616524216,45.747741033819985,44.99795913696289,172.0
nasa,B0005,37,89.42216167685231,38.0,41.822108098565685,44.10394789640184,43.45056915283203,172.0
nasa,B0005,38,89.14615242126361,37.0,41.37539253011442,41.23393901931402,42.380985260009766,148.33630649965323
nasa,B0005,39,88.65168579009143,36.0,39.77651898679177,34.262356421356415,40.653038024902344,107.05736409623282
nasa,B0005,40,88.65188775394685,35.0,38.98848051483119,31.967037518037518,40.14627456665039,146.34328494922914
nasa,B0005,41,88.39360553331026,34.0,37.62716436588576,33.99199855699856,41.19489669799805,122.58882902886786
nasa,B0005,42,88.11575352046543,33.0,36.621044865369925,33.57175649350649,37.63506317138672,100.78068206149213
nasa,B0005,43,88.38086462469224,32.0,35.8679209453472,38.91988468265482,36.86225128173828,118.20342830230045
nasa,B0005,44,88.13341798715734,31.0,33.160546559291866,30.698847041847042,31.433319091796875,101.39076335519206
nasa,B0005,45,87.58652435332071,30.0,33.30187973464644,29.82242063492064,30.206567764282227,39.805256948461384
nasa,B0005,46,87.09248023980004,29.0,33.00112554584677,29.766079365079378,27.910449981689453,33.592092107401356
nasa,B0005,47,86.8045675592357,28.0,31.586361783532453,29.21890873015874,28.634735107421875,33.99357946686034
nasa,B0005,48,89.68120074286804,27.0,30.680760640425756,40.932103202353204,31.010679244995117,150.5314738765039
nasa,B0005,49,89.15945111636637,26.0,29.974701959117922,38.79995630676512,29.904035568237305,109.23713629909389
nasa,B0005,50,88.36821038139479,25.0,28.48307894917729,36.57586363636362,30.37847328186035,71.87048240982449
nasa,B0005,51,87.85088925176532,24.0,29.15854124842698,30.82914862914864,30.079078674316406,68.85133296185639
nasa,B0005,52,87.34353089918953,23.0,27.646332996500938,30.370886724386732,30.300119400024414,54.07720837107081
nasa,B0005,53,87.08586253728572,22.0,27.70833346013054,30.847434343434358,29.80926513671875,49.03565996035814
nasa,B0005,54,86.82112528239094,21.0,25.97168188108079,30.34344624819626,29.979463577270508,51.407901973180635
nasa,B0005,55,86.31608619617913,20.0,25.15031500640974,30.283636724386735,29.6107177734375,40.61514058047927
nasa,B0005,56,85.79032694665067,19.0,24.78044050323114,30.437216089466087,27.989070892333984,21.288590856814054
nasa,B0005,57,85.52666755675959,18.0,23.955770762301583,29.350442279942282,26.125991821289062,22.99511031377766
nasa,B0005,58,85.30072498242605,17.0,23.18548103270247,28.53544047619048,24.424692153930664,23.271328328067717
nasa,B0005,59,85.01555136321294,16.0,21.711205207674226,28.361380952380955,23.115510940551758,23.007763002763877
nasa,B0005,60,84.72899300898948,15.0,21.368306847889,22.35181422743923,16.061948776245117,21.489553306760687
nasa,B0005,61,84.24514543304643,14.0,20.148985470784847,34.762428571428565,25.310596466064453,18.541938029919592
nasa,B0005,62,83.72370795579859,13.0,20.318040098638953,19.143793650793647,11.773588180541992,16.336484150256563
nasa,B0005,63,83.72846239939551,12.0,18.541602846534033,13.20417316017316,11.042750358581543,17.205037499127183
nasa,B0005,64,83.18581879907026,11.0,17.616904865746235,12.6031829004329,10.512585639953613,14.571424827495958
nasa,B0005,65,82.9506934374123,10.0,17.44337612040034,11.907054834054835,11.046098709106445,12.93892680019133
nasa,B0005,66,82.69270286667508,9.0,16.388528410436834,10.919102453102452,9.302491188049316,11.808230310764
nasa,B0005,67,82.13268910650655,8.0,15.493049922171494,9.96885642135642,8.045679092407227,8.911357788204828
nasa,B0005,68,81.89289215111849,7.0,14.542888892918839,9.22049134199134,7.173974514007568,7.293850886499803
nasa,B0005,69,81.63675203549555,6.0,13.208740721913298,9.55596753246753,7.1943511962890625,6.298430793863115
nasa,B0005,70,81.38764457766808,5.0,11.796180594048415,8.126297202797202,6.897041320800781,5.59635219543353
nasa,B0005,71,81.10627427605796,4.0,10.523792316126293,7.871527361527363,6.588592529296875,4.620097782963721
nasa,B0005,72,80.56628301882924,3.0,9.624181350691952,6.759284992784993,5.702652454376221,2.269385979275734
nasa,B0005,73,80.32815698744193,2.0,8.362706101278803,6.506404956154958,5.7310471534729,0.8771395601874272
nasa,B0005,74,80.07571116958798,1.0,7.564181547409035,6.013869241869242,4.620815277099609,0.20837003819893368
nasa,B0005,75,79.5184615700164,0.0,6.701740605217321,6.357643051393053,5.083102226257324,0.0
nasa,B0006,6,100.69495379965822,57.0,67.86361472010317,51.67444516594515,55.051326751708984,96.53165710244383
nasa,B0006,7,100.65505528134835,56.0,68.29041504113951,51.775341269841256,55.23120880126953,111.46575511180967
nasa,B0006,8,98.439491313642,55.0,59.906508401916554,51.340564213564186,54.1119499206543,38.792118627526584
nasa,B0006,9,98.40830882167123,54.0,59.18778964400018,51.23625468975467,53.82127380371094,43.84795869235032
nasa,B0006,10,97.86153958780268,53.0,57.498360246252304,50.64807539682539,54.69076156616211,41.16257683959878
nasa,B0006,11,97.27995757064676,52.0,55.43801349856118,50.29910317460316,53.245849609375,38.5118298225003
nasa,B0006,12,96.73752522420565,51.0,62.987951349773766,48.37712416505064,54.048980712890625,36.60763699064626
nasa,B0006,13,96.16399769684014,50.0,55.270151307269614,50.18298412698411,53.000030517578125,34.61932224092852
nasa,B0006,14,95.59449654742434,49.0,54.18282039647726,50.16601563958915,52.88206481933594,32.84443869130081
nasa,B0006,15,95.05333570989653,48.0,52.852430609869835,50.14326167133518,52.82477951049805,31.39127485410404
nasa,B0006,16,94.4599497403073,47.0,51.695698588785426,49.81397595704946,52.74846267700195,29.68404675361494
nasa,B0006,17,93.91391861244244,46.0,49.288188393013684,49.39119024276376,51.90801239013672,28.34888643421483
nasa,B0006,18,93.37848580760102,45.0,48.144609956726526,49.33750770308122,52.32337951660156,27.112968907511632
nasa,B0006,19,93.37946287226883,44.0,47.2392254532916,49.11109103641456,51.94538497924805,28.71329050960514
nasa,B0006,20,98.98132741254089,43.0,48.0087998885357,48.83803357753359,49.96541976928711,129.46992301892723
nasa,B0006,21,97.87749540442012,42.0,44.496863109102485,47.59653968253968,49.27431869506836,91.92969752525258
nasa,B0006,22,97.29075085393775,41.0,43.850064111359984,47.65753968253967,48.67661666870117,81.120493302487
nasa,B0006,23,96.21230560840047,40.0,41.699455051491206,47.45909523809523,48.61320877075195,64.21207587059837
nasa,B0006,24,97.29905665710821,39.0,44.90737622677966,48.18046428571429,49.62038040161133,89.05417977099735
nasa,B0006,25,95.07039652765395,38.0,39.68590316842192,47.299698412698405,48.981719970703125,54.01186196420206
nasa,B0006,26,93.93371068400424,37.0,38.326203431282046,47.845599206349206,49.366519927978516,44.47022310470479
nasa,B0006,27,93.4153066413211,36.0,35.355100988187004,47.019493894993886,48.025569915771484,42.76909649046391
nasa,B0006,28,92.801220350415,35.0,34.691453981193945,46.9661757131757,47.07237243652344,40.68995706556027
nasa,B0006,29,92.25998980927889,34.0,34.458352700972675,45.02519047619048,43.189640045166016,36.46964136722365
nasa,B0006,30,92.86144454426585,33.0,37.51136050044327,46.71806929181929,48.279056549072266,44.876113749589145
nasa,B0006,31,96.23880444545317,32.0,36.52539429695328,38.82935209235209,43.47835159301758,91.10334480895145
nasa,B0006,32,94.11158763046275,31.0,32.835603627601564,42.84539574314574,44.50453186035156,53.91479099217701
nasa,B0006,33,92.76383439427936,30.0,32.578982039191324,42.38152272727273,42.55599594116211,56.221837294002185
nasa,B0006,34,91.96254458590938,29.0,31.536067357406356,39.62090764790764,37.06185531616211,46.39692109563909
nasa,B0006,35,90.92698036997214,28.0,29.924642171093225,37.79128066378067,36.38019561767578,39.39320448038016
nasa,B0006,36,90.67385029783527,27.0,28.79101922936021,36.653863997114,35.69904708862305,40.393872885493586
nasa,B0006,37,89.85509225152718,26.0,27.269948472317186,33.672172120363314,34.33436584472656,35.7979957474683
nasa,B0006,38,89.05023147060238,25.0,26.924301753937343,30.246273001508303,30.639551162719727,31.805344675308376
nasa,B0006,39,88.55065211341164,24.0,25.4291224848092,29.832344430079726,30.110794067382812,30.347959106404332
nasa,B0006,40,88.02356224085472,23.0,24.41570119817248,27.868229225839517,28.064828872680664,28.534213357618903
nasa,B0006,41,87.51456894003293,22.0,23.998669152778625,26.026775013385304,26.494070053100586,27.04880105255021
nasa,B0006,42,86.97462518866288,21.0,22.478309347037808,24.56757553149465,24.329517364501953,25.12728876963989
nasa,B0006,43,87.73383276818602,20.0,21.50785723407011,25.48674296210325,24.72064971923828,34.252914723823004
nasa,B0006,44,88.29695470921088,19.0,20.435491411375914,28.57192944228974,28.79745101928711,40.81132013479599
nasa,B0006,45,86.68943709812419,18.0,18.98732910962687,23.686282491201606,23.728046417236328,13.605387224856688
nasa,B0006,46,85.6662956020367,17.0,18.345635927782283,21.419770281189393,21.536949157714844,11.600611925395597
nasa,B0006,47,85.12038906836733,16.0,17.197769607710235,18.528967893217885,18.548133850097656,10.518152949319534
nasa,B0006,48,91.1859730890915,15.0,16.62926519065874,36.25382828282829,33.56255340576172,55.63685374037582
nasa,B0006,49,90.40642025157354,14.0,16.89868476030312,38.183411005661,34.25766372680664,37.744701879303214
nasa,B0006,50,88.78805472517142,13.0,14.848046403954005,29.313027275012573,27.1240234375,34.97125356064966
nasa,B0006,51,87.237049209184,12.0,14.041739348046441,23.43026355180767,22.90151596069336,27.01737737675568
nasa,B0006,52,86.46035170661865,11.0,12.262253374591463,21.987259583553694,21.916162490844727,23.222119220298907
nasa,B0006,53,85.40543276276622,10.0,11.778512556294125,18.823383986928103,20.36648178100586,18.271998413642557
nasa,B0006,54,84.87977118730883,9.0,10.789625682241365,17.42287662337662,17.704837799072266,16.529900526192808
nasa,B0006,55,84.10317262014732,8.0,9.056282972331996,14.258192918192922,13.866272926330566,11.712277991871893
nasa,B0006,56,83.57384161147543,7.0,8.183058988998354,12.951000360750362,12.85120677947998,7.054583693462325
nasa,B0006,57,83.03795693523827,6.0,7.761295015433042,10.158158286158288,10.243229866027832,6.8585385833491666
nasa,B0006,58,82.55605075190346,5.0,8.531076405325841,9.058348401598403,9.152312278747559,6.260053213932847
nasa,B0006,59,82.00674628095463,4.0,6.154801010213706,7.800274808524811,8.400156021118164,5.039139553369422
nasa,B0006,60,81.45999708082721,3.0,5.429733660955186,5.712038877788878,6.43767786026001,3.8554971426359086
nasa,B0006,61,80.44248151480832,2.0,2.535311896258012,2.3481262626262627,4.385238170623779,1.0811884611723794
nasa,B0006,62,80.17622449484624,1.0,3.46370042880762,1.8637611832611836,3.9908814430236816,0.455178485945831
nasa,B0006,63,79.94856072013991,0.0,0.8625826830242218,1.541900793650794,3.4017086029052734,0.0
nasa,B0007,6,94.03501758558703,80.0,67.45953018875309,61.88484920634921,66.95112609863281,135.5785736546405
nasa,B0007,7,93.99676261783037,79.0,66.7854320521165,62.06084920634921,66.07708740234375,151.08437639174204
nasa,B0007,8,94.07544062019399,78.0,66.18121457505038,61.978214285714294,65.28372955322266,172.0
nasa,B0007,9,93.48453935192921,77.0,64.90907044059242,61.20382539682541,64.66559600830078,101.00065317184828
nasa,B0007,10,93.50261900695995,76.0,63.66876843041834,60.896976911976914,61.986328125,115.737201418879
nasa,B0007,11,93.50221197094288,75.0,62.501077888278765,60.06590151515152,61.99940490722656,128.54318351952557
nasa,B0007,12,92.98259493883182,74.0,66.09368920989073,59.79490151515153,61.25053405761719,90.95970734508481
nasa,B0007,13,92.95373280431103,73.0,62.095746724387475,59.547663419913434,61.37968063354492,97.22093127088347
nasa,B0007,14,92.95042288854616,72.0,61.04562808244777,59.45794119769121,59.08683395385742,105.07823660092514
nasa,B0007,15,92.96811293478524,71.0,59.522833456561415,58.72279834054835,58.038475036621094,114.58085885722565
nasa,B0007,16,92.93677725300518,70.0,58.40958309280439,57.54280230880232,57.36886215209961,120.09354703638925
nasa,B0007,17,92.39086456610724,69.0,56.48554313899095,56.21300468975472,55.921566009521484,91.70987135467524
nasa,B0007,18,92.42626458068524,68.0,55.195473775053145,54.343143578643584,53.299259185791016,99.34699325583566
nasa,B0007,19,92.4189475925017,67.0,53.905044988024386,50.32369949494949,50.58864974975586,104.76847517304685
nasa,B0007,20,94.03902718804883,66.0,54.266522992083424,51.50054401154401,50.882080078125,172.0
nasa,B0007,21,94.07360798721798,65.0,53.491748654261826,55.14909920634921,53.00171661376953,172.0
nasa,B0007,22,94.05477156622393,64.0,52.762550870324105,54.27798809523811,52.43785095214844,172.0
nasa,B0007,23,93.55044824889998,63.0,52.38528367188708,49.994586219336234,48.53694534301758,172.0
nasa,B0007,24,93.50997575970688,62.0,51.218927659079746,47.96478463203465,47.7226448059082,172.0
nasa,B0007,25,93.53357681400493,61.0,50.172916812190934,46.121200937950945,46.46466827392578,172.0
nasa,B0007,26,92.98062322010084,60.0,49.24398967727503,44.711651875901865,45.27328872680664,172.0
nasa,B0007,27,93.0016954859173,59.0,48.43698757829252,44.51209163059162,44.88799285888672,172.0
nasa,B0007,28,92.95826554580384,58.0,47.29927683529557,44.611604617604605,44.316131591796875,172.0
nasa,B0007,29,92.40699089389143,57.0,46.4652957395585,43.680967399559506,43.436405181884766,172.0
nasa,B0007,30,92.4600851063082,56.0,44.84749040406172,40.73813748532169,41.06071853637695,172.0
nasa,B0007,31,94.17338718975424,55.0,41.70187605247767,38.321709179709174,39.03432083129883,172.0
nasa,B0007,32,93.14105558952922,54.0,43.93667538881986,35.936435730935735,37.100345611572266,172.0
nasa,B0007,33,92.6042519826176,53.0,42.69944797564061,35.36241565804337,36.68474197387695,172.0
nasa,B0007,34,92.34752324104353,52.0,41.000210113453534,34.1088582375227,35.0661735534668,172.0
nasa,B0007,35,91.8414215584509,51.0,40.44980669751075,34.07334687096529,34.479766845703125,172.0
nasa,B0007,36,91.85809809836137,50.0,39.36339337932168,33.99607419408076,34.854164123535156,172.0
nasa,B0007,37,91.58361291859427,49.0,37.94632960548188,34.24887745222614,35.369014739990234,172.0
nasa,B0007,38,91.05735475658892,48.0,37.60927653999691,33.939762911065536,34.182464599609375,145.769388781298
nasa,B0007,39,90.82530457557574,47.0,36.28400923883028,33.526643325242006,33.911502838134766,127.34943402332877
nasa,B0007,40,90.56907800752278,46.0,35.438140703390175,33.21150299043062,34.054630279541016,110.13885091267872
nasa,B0007,41,90.58028166969791,45.0,34.237453643513305,32.819356165033795,33.801048278808594,112.24593146540967
nasa,B0007,42,90.30274477778701,44.0,33.330439782750915,32.26626123218886,33.02366638183594,123.34954195892874
nasa,B0007,43,90.66020913497029,43.0,32.63504383786509,30.91678364085174,32.27388381958008,150.9042250179
nasa,B0007,44,90.31320969141767,42.0,29.355198268225415,30.439601440698958,31.153120040893555,122.44175410088388
nasa,B0007,45,89.79155124950229,41.0,28.498912485934675,30.33679191688943,30.05771255493164,57.63158750731436
nasa,B0007,46,89.29426300195226,40.0,28.25076357170894,29.88407474517226,29.90721893310547,48.61682422280464
nasa,B0007,47,89.01634302251377,39.0,26.86070825948348,30.011217602315117,29.069324493408203,44.73787285208954
nasa,B0007,48,90.75378449787789,38.0,25.886951225490943,29.906002547632962,28.58074188232422,96.13047415825115
nasa,B0007,49,90.78512577422919,37.0,25.967676406415872,24.99994680680516,24.456483840942383,98.95155542240302
nasa,B0007,50,90.01216089028337,36.0,25.103966838308317,29.107443416963147,27.357738494873047,71.08050502382964
nasa,B0007,51,89.52238102804654,35.0,25.179917430789274,28.841355213499945,27.286405563354492,68.83830353123676
nasa,B0007,52,89.0171516150066,34.0,23.85727676638156,28.754428626198354,26.888959884643555,56.575808343061716
nasa,B0007,53,88.7664384798406,33.0,23.713761825242067,26.981399030793767,23.794841766357422,52.282920680472806
nasa,B0007,54,88.51314867366426,32.0,22.554133316461453,24.342825598507105,23.981937408447266,54.657765981383264
nasa,B0007,55,88.0040530927102,31.0,21.49209716776119,23.809249285930797,23.452688217163086,44.90572031509797
nasa,B0007,56,87.48237967688445,30.0,20.495711567270774,28.18992220206694,26.00454330444336,27.956849781189526
nasa,B0007,57,87.48250375296554,29.0,19.49612508942026,26.648442252192257,26.507600784301758,33.058386531939576
nasa,B0007,58,87.25143696073415,28.0,18.84388008019115,26.6505531544479,26.07537841796875,33.867399354772864
nasa,B0007,59,86.98228727643364,27.0,17.440014847021082,26.57746982111456,25.8328857421875,32.53485644662285
nasa,B0007,60,86.42821138858982,26.0,16.629525992345012,21.001082541598407,20.617563247680664,29.68761228032448
nasa,B0007,61,86.1950162294209,25.0,16.357963762226248,20.74388290789877,19.962112426757812,27.348254770065495
nasa,B0007,62,85.69894388242597,24.0,15.207943487021582,19.87866062029645,18.935739517211914,24.210978762778176
nasa,B0007,63,85.69850998502307,23.0,14.596516813587675,25.370497904142645,23.11043357849121,26.584600916504805
nasa,B0007,64,85.18260586819383,22.0,11.57113698563164,23.412172033848503,22.495811462402344,22.96155676987425
nasa,B0007,65,85.20068737191244,21.0,11.971251540537175,22.864358236534702,21.86573028564453,24.21902449411249
nasa,B0007,66,84.67858078671516,20.0,11.49698869147987,17.071722241681606,13.068970680236816,19.81878139658689
nasa,B0007,67,84.38288681938828,19.0,10.432831714744044,14.783147130647132,13.047527313232422,18.509256683980485
nasa,B0007,68,84.15372178291575,18.0,9.318746269970905,14.386357087357089,12.329961776733398,15.959924142495042
nasa,B0007,69,83.89635071012741,17.0,8.584411783013415,12.857760822510825,11.5208740234375,15.1801322168995
nasa,B0007,70,83.66030137983086,16.0,7.708303888274838,12.30122907647908,10.063681602478027,14.924776585671124
nasa,B0007,71,83.37183604126994,15.0,6.072047792805492,12.159606421356425,9.909502983093262,14.233337378640625
nasa,B0007,72,83.11331315333763,14.0,4.885883970244198,11.326093434343436,9.566773414611816,13.185233779666362
nasa,B0007,73,82.87121532881531,13.0,4.229062398180151,10.774236291486291,8.22230339050293,9.106216727168807
nasa,B0007,74,82.6269342464367,12.0,3.2009063930168367,9.847994227994228,7.305971622467041,8.049989502843665
nasa,B0007,75,82.3608731378666,11.0,2.2014735522818185,9.376359668109668,7.289224624633789,7.713973171120414
nasa,B0007,76,81.82068405449036,10.0,1.5016430040126885,6.179910006660008,5.703514575958252,5.9100093808601075
nasa,B0007,77,81.81277156024248,9.0,0.0,6.416332806082806,5.420884609222412,6.290518915099888
nasa,B0007,78,82.0559589609192,8.0,0.0,8.64246681096681,7.077900409698486,7.659508367181709
nasa,B0007,79,81.57850394828483,7.0,0.0,5.433825757575757,4.948528289794922,5.690644621302015
nasa,B0007,80,81.0606641493618,6.0,0.0,4.892526334776336,4.367911338806152,3.8189713914049492
nasa,B0007,81,80.82136607381061,5.0,0.0,4.111428932178933,4.722928047180176,3.0827368128762527
nasa,B0007,82,80.79117550809605,4.0,0.0,4.2726295093795095,3.8042428493499756,2.955973310316496
nasa,B0007,83,80.83620901489451,3.0,0.0,4.007732323232323,3.0769643783569336,3.25868785160159
nasa,B0007,84,80.54327931865014,2.0,0.0,2.6262738095238096,2.8781380653381348,2.109328495212594
nasa,B0007,85,80.03301687154688,1.0,0.0,1.7692341269841276,2.7828612327575684,0.12906906685515437
nasa,B0007,86,79.79587243502831,0.0,0.0,1.39587950937951,2.1757144927978516,0.0
nasa,B0018,6,91.42644423023194,39.0,52.37578887564519,35.21830239513967,41.40327072143555,43.15833678090418
nasa,B0018,7,91.06005947848962,38.0,50.72598625710503,32.9700677100677,39.80066680908203,39.262613756329614
nasa,B0018,8,90.75850053216641,37.0,46.94944048667289,31.96401154401154,38.90660858154297,37.811186052409475
nasa,B0018,9,90.21490260483824,36.0,48.5031083241261,31.55005916305916,38.47163391113281,32.23226658963346
nasa,B0018,10,91.15501151422113,35.0,50.724508450935645,31.675213924963913,41.28340148925781,62.93517394285008
nasa,B0018,11,90.60626760127747,34.0,49.09380882578562,31.956896464646455,40.718997955322266,49.4704907143776
nasa,B0018,12,90.23458191058883,33.0,47.15596558105615,31.35699963924963,39.90237045288086,44.752117249105666
nasa,B0018,13,89.54221748931475,32.0,46.06381180213629,26.941641774891767,36.620582580566406,35.69398524927075
nasa,B0018,14,89.1735361420963,31.0,44.575964624560875,25.693915276244212,34.422698974609375,33.342552266556815
nasa,B0018,15,89.04693062655352,30.0,45.58640958455872,26.192510347839292,36.41358184814453,34.201168053489575
nasa,B0018,16,88.5604519836349,29.0,44.011146853143956,24.706684870684867,33.92021179199219,30.64766215092548
nasa,B0018,17,88.43151998353538,28.0,42.37745802643953,23.644462648462646,34.584842681884766,31.237208086565367
nasa,B0018,18,87.68152400958562,27.0,41.268785962662506,22.94145955025367,32.163116455078125,25.763185010851377
nasa,B0018,19,87.31098708207547,26.0,40.32058659338643,23.153176523167236,28.927257537841797,24.19415078214571
nasa,B0018,20,86.88323668526868,25.0,39.746828504835435,23.49550408449479,30.184289932250977,22.291074539717542
nasa,B0018,21,86.57583367737918,24.0,38.353163388627806,22.87396484758791,28.971378326416016,21.30034274356635
nasa,B0018,22,85.42974947235301,23.0,38.06640390340101,22.14705785017356,28.048786163330078,15.576136044242503
nasa,B0018,23,85.57349785341056,22.0,36.55164299531389,21.876806658554724,26.79926300048828,17.085355554049706
nasa,B0018,24,85.37510686636314,21.0,35.91202757666312,21.832556658554722,26.928504943847656,16.762774271600446
nasa,B0018,25,87.46191032180114,20.0,35.98617790970376,23.610309640050346,27.97978973388672,33.864439508033556
nasa,B0018,26,86.63848573714978,19.0,35.57759009507198,22.47226267884162,25.822975158691406,27.154645848328432
nasa,B0018,27,86.11156664146188,18.0,33.701675605635465,22.038663766788762,23.44423484802246,25.2618820198892
nasa,B0018,28,85.59231494923645,17.0,31.862197938973235,21.206129134754132,23.208650588989258,21.88678001040921
nasa,B0018,29,84.96339175633435,16.0,31.82188593783951,20.54523907873173,24.416784286499023,18.885745200338516
nasa,B0018,30,84.70183219621553,15.0,30.192162246950396,19.823481113185057,22.305622100830078,16.954101329477925
nasa,B0018,31,84.09513539384044,14.0,28.85769860962971,18.337644827394826,21.285968780517578,13.964544003087173
nasa,B0018,32,83.84885309216843,13.0,27.840274010989937,17.628624986124986,18.184459686279297,13.343305148876492
nasa,B0018,33,83.27614653239468,12.0,26.279464558795908,15.33019660894661,17.75251579284668,10.946242761618281
nasa,B0018,34,82.85962287916043,11.0,24.646792650712584,13.523219696969697,15.489465713500977,9.719626532955893
nasa,B0018,35,82.41120777647023,10.0,24.024725251720774,13.9582766955267,17.45305633544922,6.894047055459334
nasa,B0018,36,81.93850748993631,9.0,22.71586186453151,11.993731601731605,16.674718856811523,5.591143112624659
nasa,B0018,37,81.38243453631031,8.0,21.536976172008025,9.171463203463205,12.901092529296875,3.9042349778518775
nasa,B0018,38,81.107685113626,7.0,21.830300193217546,8.502292207792207,14.177096366882324,3.2831847228980293
nasa,B0018,39,80.70033255233793,6.0,20.649192898618665,6.460407287157286,13.162951469421387,2.066315723796675
nasa,B0018,40,83.80258077212311,5.0,19.52875365410548,13.760340733827578,19.390560150146484,18.127036132566076
nasa,B0018,41,82.46503212760994,4.0,17.49937919203962,9.455870490620487,14.18123722076416,10.110181848972251
nasa,B0018,42,81.6191495929045,3.0,16.936549926960797,7.379067460317461,12.740849494934082,5.941946415345163
nasa,B0018,43,80.82079859512888,2.0,16.038008173763572,4.489573953823954,10.178291320800781,2.9909322467537933
nasa,B0018,44,80.54514189124689,1.0,14.84143074335411,2.369257215007215,8.570018768310547,2.0143155654294684
nasa,B0018,45,79.77319346847828,0.0,14.563656005704608,0.9886648629148628,8.850227355957031,0.0
