dataset,battery_id,cycle,horizon,soh,y_true,linear_regression,random_forest,xgboost,persistence (no model),linear extrapolation (no model)
nasa,B0005,6,10,91.78308300337747,90.10534501230751,87.84844201110158,89.96630560123859,89.94769148192361,91.78308300337747,89.7936445045491
nasa,B0005,7,10,91.75730714613302,90.12897504131045,87.49405006296715,89.9332952058539,89.81586167627675,91.75730714613302,90.22054466394356
nasa,B0005,8,10,91.28783952832768,90.15341571417048,87.13968767061901,87.5101571496289,88.21462118268559,91.28783952832768,89.6765325784158
nasa,B0005,9,10,91.23869264945667,90.13888123598021,87.1865222235461,87.60355007355577,88.34891737327258,91.23869264945667,89.66725415868768
nasa,B0005,10,10,91.2306634248468,92.35129974664596,87.27733908338887,87.74802037213965,88.30426180970397,91.2306634248468,89.76085685389627
nasa,B0005,11,10,91.23097763432251,92.3708655641822,87.61093191782365,89.2954620866098,89.28458164108979,91.23097763432251,90.16992976634423
nasa,B0005,12,10,90.71009678836958,91.80887106739473,86.60419559558501,86.6800601377901,87.4949824332823,90.71009678836958,89.62815702309483
nasa,B0005,13,10,90.68760788774527,91.2890373788812,86.74247214287276,86.88714017186885,87.73167598581351,90.68760788774527,89.40127324132858
nasa,B0005,14,10,90.67202457367911,91.25568217539184,86.85948718224034,87.35728821064235,87.43229469239249,90.67202457367911,89.30079729869881
nasa,B0005,15,10,90.12990018153252,91.2790752110188,85.64621067704337,86.23902792204056,87.07619448924126,90.12990018153252,88.48976351604891
nasa,B0005,16,10,90.10534501230751,90.70155637541953,86.31045607614257,86.26366965314266,86.95221471941505,90.10534501230751,88.41100425666264
nasa,B0005,17,10,90.12897504131045,90.7384597057947,86.50986110981832,86.53036739415536,87.03614605228152,90.12897504131045,88.57949757813924
nasa,B0005,18,10,90.15341571417048,90.69846943551761,86.5106129529288,88.32653614409314,86.96712521162226,90.15341571417048,88.64652799617154
nasa,B0005,19,10,90.13888123598021,90.13828325839116,86.56832446506543,88.32984926782152,87.98811152543944,90.13888123598021,88.77139669691238
nasa,B0005,20,10,92.35129974664596,90.2038520058676,86.79661690737441,88.21498400578798,87.77500150979904,92.35129974664596,92.45794977755389
nasa,B0005,21,10,92.3708655641822,92.59012758352243,87.59520767101839,88.70407822495616,88.4939579771308,92.3708655641822,93.8266971964877
nasa,B0005,22,10,91.80887106739473,91.53519228369714,86.63603386402312,87.96079145812212,87.93196348034334,91.80887106739473,93.8219197170803
nasa,B0005,23,10,91.2890373788812,90.99520544750634,86.65609627378244,87.45939604197591,87.46163788661741,91.2890373788812,93.42758003615663
nasa,B0005,24,10,91.25568217539184,90.46539818514259,86.30170856039828,88.7906690070683,88.45660180353515,91.25568217539184,93.41823567247499
nasa,B0005,25,10,91.2790752110188,90.23049522902599,87.72773766209164,88.82809136211175,88.45951325270582,91.2790752110188,93.04623674812818
nasa,B0005,26,10,90.70155637541953,89.96885325986096,86.30254105018753,86.83477269869319,86.64796035567466,90.70155637541953,91.6026516228072
nasa,B0005,27,10,90.7384597057947,89.42216167685231,86.15093866653325,88.41538372790957,87.85110461660707,90.7384597057947,90.73710306141126
nasa,B0005,28,10,90.69846943551761,89.14615242126361,87.31772876644136,88.5482706678168,87.62535551721317,90.69846943551761,89.71526487754471
nasa,B0005,29,10,90.13828325839116,88.65168579009143,86.11827275497984,87.97247055700961,87.57217026324345,90.13828325839116,87.79191792034848
nasa,B0005,30,10,90.2038520058676,88.65188775394685,86.73692524239895,88.20096569716831,87.6862214287802,90.2038520058676,88.00510881501518
nasa,B0005,31,10,92.59012758352243,88.39360553331026,71.35675988697658,89.69893334771619,87.95054065801584,92.59012758352243,92.11395197460864
nasa,B0005,32,10,91.53519228369714,88.11575352046543,85.74072173082357,89.0531313456415,88.43999937445642,91.53519228369714,91.80492478994802
nasa,B0005,33,10,90.99520544750634,88.38086462469224,85.4102376139091,88.69967599550269,87.83247213108483,90.99520544750634,91.40292518819638
nasa,B0005,34,10,90.46539818514259,88.13341798715734,84.99854905170793,88.22040267540363,87.25071918238075,90.46539818514259,90.73549857015624
nasa,B0005,35,10,90.23049522902599,87.58652435332071,85.2900129222237,87.8940110467358,87.169952883979,90.23049522902599,90.34623472911149
nasa,B0005,36,10,89.96885325986096,87.09248023980004,84.45243710473086,87.68558900499879,86.71634390431592,89.96885325986096,89.52960612046721
nasa,B0005,37,10,89.42216167685231,86.8045675592357,84.36352222204502,87.39231740763014,86.58438167807302,89.42216167685231,88.24314720817127
nasa,B0005,38,10,89.14615242126361,89.68120074286804,84.33509587937388,87.02765647151067,86.61223904731646,89.14615242126361,87.20971121629756
nasa,B0005,39,10,88.65168579009143,89.15945111636637,84.1528203461517,86.64168428795477,86.31039460089771,88.65168579009143,85.50281096396571
nasa,B0005,40,10,88.65188775394685,88.36821038139479,84.63624442666347,86.83046370167543,86.36776838634736,88.65188775394685,84.51459559960324
nasa,B0005,41,10,88.39360553331026,87.85088925176532,84.6619410047088,86.13212826474454,85.77838021821627,88.39360553331026,84.90598210361634
nasa,B0005,42,10,88.11575352046543,87.34353089918953,83.99784320671895,85.82775049216194,85.43012105319553,88.11575352046543,84.93162231158742
nasa,B0005,43,10,88.38086462469224,87.08586253728572,83.2824113890323,86.26826543419027,85.69523215742234,88.38086462469224,85.69931789520018
nasa,B0005,44,10,88.13341798715734,86.82112528239094,83.24421434776256,86.01882569800615,85.4213389390006,88.13341798715734,85.78316979897929
nasa,B0005,45,10,87.58652435332071,86.31608619617913,82.85428232807047,84.36927130675426,84.66725312262308,87.58652435332071,85.39533138367833
nasa,B0005,46,10,87.09248023980004,85.79032694665067,82.99908353582828,83.8865024404921,84.26340728752953,87.09248023980004,84.93691722014245
nasa,B0005,47,10,86.8045675592357,85.52666755675959,82.49269785635687,83.65831804460616,84.00721715258896,86.8045675592357,84.51178142907483
nasa,B0005,48,10,89.68120074286804,85.30072498242605,84.04458213786674,85.07692187115677,83.68531727805481,89.68120074286804,88.95354211289785
nasa,B0005,49,10,89.15945111636637,85.01555136321294,82.61867341848225,85.3363373242595,84.80499135379313,89.15945111636637,89.3178305184281
nasa,B0005,50,10,88.36821038139479,84.72899300898948,81.90496718522485,84.61029353139037,84.15520769966261,88.36821038139479,88.91962929034392
nasa,B0005,51,10,87.85088925176532,84.24514543304643,83.13704121621592,83.93166409118243,83.41856245809467,87.85088925176532,88.37536949496167
nasa,B0005,52,10,87.34353089918953,83.72370795579859,82.61133550684102,83.48496737760924,82.64950395216805,87.34353089918953,87.44488067351881
nasa,B0005,53,10,87.08586253728572,83.72846239939551,83.07054251877682,83.2505743448691,82.8180564841241,87.08586253728572,86.89387894165169
nasa,B0005,54,10,86.82112528239094,83.18581879907026,82.30328370223376,82.85498388931045,82.52916408930622,86.82112528239094,86.18341170272558
nasa,B0005,55,10,86.31608619617913,82.9506934374123,82.0071008240676,82.50755172350144,82.49675335812066,86.31608619617913,84.75163679378075
nasa,B0005,56,10,85.79032694665067,82.69270286667508,81.5032691003637,82.11229351975159,82.00809180108182,85.79032694665067,82.83699371059808
nasa,B0005,57,10,85.52666755675959,82.13268910650655,81.36079546329537,82.09870474335686,81.85245843887019,85.52666755675959,81.006531250148
nasa,B0005,58,10,85.30072498242605,81.89289215111849,81.63963653542329,81.8757255048903,81.75129794995534,85.30072498242605,81.16319662682554
nasa,B0005,59,10,85.01555136321294,81.63675203549555,80.56588900498502,81.25335890452736,81.27635148642766,85.01555136321294,81.28821538628698
nasa,B0005,60,10,84.72899300898948,81.38764457766808,80.76015315408551,81.04424486587737,81.09040243472495,84.72899300898948,81.23034190974468
nasa,B0005,61,10,84.24514543304643,81.10627427605796,79.90304333582944,80.56600451050873,80.78410040626726,84.24514543304643,80.80749885605236
nasa,B0005,62,10,83.72370795579859,80.56628301882924,79.96592090924173,80.26572643302433,80.10559872957178,83.72370795579859,80.16146641401738
nasa,B0005,63,10,83.72846239939551,80.32815698744193,80.00577220499422,80.49720004784113,80.47683876887183,83.72846239939551,80.31120673514296
nasa,B0005,64,10,83.18581879907026,80.07571116958798,78.44504578939697,79.61333653442836,79.41445124917402,83.18581879907026,79.84802768319555
nasa,B0005,65,10,82.9506934374123,79.5184615700164,79.53470522731011,79.54064144910865,79.33258421118549,82.9506934374123,79.66806715860567
nasa,B0005,66,10,82.69270286667508,79.28944984121105,79.69712799000652,79.42228306903846,79.24902281868619,82.69270286667508,79.38193952409328
nasa,B0005,67,10,82.13268910650655,79.24715353687058,79.27537928572086,78.96391819806824,78.72926722769185,82.13268910650655,78.68802330800604
nasa,B0005,68,10,81.89289215111849,79.77631946247968,79.466660590856,78.91718446821497,78.9941008379471,81.89289215111849,78.44428850181113
nasa,B0005,69,10,81.63675203549555,78.73650873900519,78.78308141219277,78.71906785889868,78.72292223202875,81.63675203549555,78.26745264511852
nasa,B0005,70,10,81.38764457766808,78.24509975468973,80.06467080519505,78.61647265519136,78.70848255221642,81.38764457766808,78.1802851818899
nasa,B0005,71,10,81.10627427605796,77.98829736685181,79.71942023958773,78.46294473112636,78.45695820359397,81.10627427605796,77.98982704535003
nasa,B0005,72,10,80.56628301882924,77.97407834092117,78.70451985418609,77.97772930770283,77.91394832873524,80.56628301882924,77.27905151374866
nasa,B0005,73,10,80.32815698744193,77.7344676795305,78.25102882781674,77.71028759690653,77.73874119879142,80.32815698744193,77.12614208502012
nasa,B0005,74,10,80.07571116958798,77.44370539945209,78.47437007893802,77.46058497991748,77.48629538093746,80.07571116958798,76.8716109825306
nasa,B0005,75,10,79.5184615700164,76.9118299471279,78.05493808362365,76.97233320244882,77.03913794445182,79.5184615700164,76.22855427314674
nasa,B0005,76,10,79.28944984121105,76.39571291255139,77.86759053340917,76.81146667864031,76.89448538465282,79.28944984121105,76.03285433740389
nasa,B0005,77,10,79.24715353687058,76.42626314878223,77.32494304542436,76.86041206122778,77.00536991794358,79.24715353687058,76.03997212612651
nasa,B0005,78,10,79.77631946247968,76.1323662642189,77.41560555953357,76.97415505340491,76.83273192089948,79.77631946247968,77.09708535452498
nasa,B0005,79,10,78.73650873900519,75.87429969244934,76.93841321640188,76.36861359431649,76.36704791785345,78.73650873900519,76.103846636516
nasa,B0005,80,10,78.24509975468973,80.29094495653295,77.08137761062908,76.482205891154,76.95779523408274,78.24509975468973,75.57644139694115
nasa,B0005,81,10,77.98829736685181,78.19245723372212,77.84591249887706,76.57967310703803,77.0155356762352,77.98829736685181,75.33690304703806
nasa,B0005,82,10,77.97407834092117,77.40457623883893,77.28574996730482,76.43356225452128,76.8650680021379,77.97407834092117,75.35013465028592
nasa,B0005,83,10,77.7344676795305,76.61877815934297,76.88462200309438,76.107171177227,76.26617139008653,77.7344676795305,75.16273383371251
nasa,B0005,84,10,77.44370539945209,76.34764134244853,75.61748307883505,75.77608479368148,75.8857708768233,77.44370539945209,74.91167316201033
nasa,B0005,85,10,76.9118299471279,75.84786508568163,76.49233008289228,75.3902004334907,75.44353365768393,76.9118299471279,74.07691670436954
nasa,B0005,86,10,76.39571291255139,75.59487980071347,75.63599703851737,75.04462534271553,75.15128082083844,76.39571291255139,73.13968114433874
nasa,B0005,87,10,76.42626314878223,75.32819480340552,76.64507523550637,74.88487023439937,74.99600582837817,76.42626314878223,73.08833507545779
nasa,B0005,88,10,76.1323662642189,75.07726763335681,75.70669445821176,74.5339906204502,74.57443174159012,76.1323662642189,73.24693788558925
nasa,B0005,89,10,75.87429969244934,74.54222025200119,75.07172900777073,74.21587526058208,74.3006667368982,75.87429969244934,73.04909157168872
nasa,B0005,90,10,80.29094495653295,74.29341922806006,75.78288647838386,76.46929938799612,74.73984756349707,80.29094495653295,79.95436476893802
nasa,B0005,91,10,78.19245723372212,74.02068389880529,77.19307425861852,74.81532428974526,74.65809491759053,78.19245723372212,78.78069248382613
nasa,B0005,92,10,77.40457623883893,73.76047934515816,76.05388121523751,74.48819277552067,74.55189293309857,77.40457623883893,78.45364765555541
nasa,B0005,93,10,76.61877815934297,74.29517994152012,75.2927519699457,74.04069940708851,74.12057392808076,76.61877815934297,77.60935872530244
nasa,B0005,94,10,76.34764134244853,74.80459149068348,75.65102654708686,73.76626277979562,73.84943711118632,76.34764134244853,77.07323182173961
nasa,B0005,95,10,75.84786508568163,74.04002973464492,75.20017748890001,73.3075611060834,73.34966085441943,75.84786508568163,75.81413286179159
nasa,B0005,96,10,75.59487980071347,73.48771634233412,74.48032365200008,73.34917174957002,73.28993933860104,75.59487980071347,74.44872031472335
nasa,B0005,97,10,75.32819480340552,72.69506137422964,74.89589168535022,73.60428475647535,73.59360165040565,75.32819480340552,73.04158101570583
nasa,B0005,98,10,75.07726763335681,72.70731033617847,75.76481201449137,73.53667409017469,73.54455660430408,75.07726763335681,71.4504981154699
nasa,B0005,99,10,74.54222025200119,72.75118759533416,74.23565127140978,73.08929414267578,73.00950922294845,74.54222025200119,69.23929733968816
nasa,B0005,100,10,74.29341922806006,72.4521081880618,75.06557794539478,72.94291475891816,72.72697888420325,74.29341922806006,70.28452762255398
nasa,B0005,101,10,74.02068389880529,71.93354685740283,74.70098575812953,72.70733786161041,72.66327597129217,74.02068389880529,70.48503987542334
nasa,B0005,102,10,73.76047934515816,71.67227160784894,74.59321507919147,72.44359006735675,72.44133223517281,73.76047934515816,70.53656864591818
nasa,B0005,103,10,74.29517994152012,71.66979450419048,74.46059039959475,72.74600250179937,72.45890186057987,74.29517994152012,71.59250076521994
nasa,B0005,104,10,74.80459149068348,71.403243672388,75.20249614863877,72.46310338465624,72.39929349606983,74.80459149068348,73.00189507321868
nasa,B0005,105,10,74.04002973464492,71.14601590870593,74.36293252741584,71.8687049035442,72.3337938490248,74.04002973464492,72.5741345653941
nasa,B0005,106,10,73.48771634233412,70.8714516365654,74.3810860506073,71.4963631146724,71.9546606792253,73.48771634233412,72.1078352720019
nasa,B0005,107,10,72.69506137422964,70.6204614397223,72.96595218217622,70.84260564330171,71.1761043553774,72.69506137422964,71.04646090181184
nasa,B0005,108,10,72.70731033617847,70.62893964700964,73.68203875023315,70.93828804439838,71.18835331732623,72.70731033617847,70.94855462199975
nasa,B0005,109,10,72.75118759533416,70.37991865734948,74.53327509642924,71.00060992299666,71.23187223335754,72.75118759533416,70.83677898677905
nasa,B0005,110,10,72.4521081880618,71.66960242610739,73.72371306599032,70.84458043513933,70.9453852609683,72.4521081880618,70.27013998116247
nasa,B0005,111,10,71.93354685740283,71.91275088396453,71.72220334238219,70.42995478969256,70.4948972030144,71.93354685740283,69.24253308138726
nasa,B0005,112,10,71.67227160784894,70.86773587242763,72.40133169508383,70.15796062518234,70.23362195346051,71.67227160784894,68.40921509585064
nasa,B0005,113,10,71.66979450419048,70.34908318388216,73.47108291651179,70.17673247919053,70.24251407816509,71.66979450419048,68.4429272623715
nasa,B0005,114,10,71.403243672388,70.06018891793812,72.94998441719346,69.92145473860471,69.94235349847595,71.403243672388,68.7250105752474
nasa,B0005,115,10,71.14601590870593,69.83504116363164,71.51755122825539,69.62681287942584,69.88294604061817,71.14601590870593,68.7786876500029
nasa,B0005,116,10,70.8714516365654,69.5642394426363,72.51574001433153,69.39570792179029,69.54030849577255,70.8714516365654,68.6478465124936
nasa,B0005,117,10,70.6204614397223,69.31143838989175,71.94401997422716,69.21165171808202,69.14239821397615,70.6204614397223,68.19236205578477
nasa,B0005,118,10,70.62893964700964,69.02183380987069,73.031866120256,69.21096710399304,69.14785792284277,70.62893964700964,68.26060311326931
nasa,B0005,119,10,70.37991865734948,68.76182075128112,72.47092081703931,68.85727033441914,68.87017723183526,70.37991865734948,68.2166905690856
nasa,B0005,120,10,71.66960242610739,68.52564012447505,72.05243571528935,68.77433760834406,68.69520524364279,71.66960242610739,70.5029869236106
nasa,B0005,121,10,71.91275088396453,68.52542783135199,71.33800689285053,69.2487793339264,69.47773806658172,71.91275088396453,71.62451602828781
nasa,B0005,122,10,70.86773587242763,68.23677554340759,71.60789666543045,68.35711960662938,68.401096830527,70.86773587242763,70.71621069981046
nasa,B0005,123,10,70.34908318388216,68.7696008447881,71.8031850771778,67.89655013221223,68.23390507566683,70.34908318388216,70.1472343084876
nasa,B0005,124,10,70.06018891793812,69.30557575767696,71.63209896342735,67.64279574485245,67.99870553475941,70.06018891793812,69.63282331535972
nasa,B0005,125,10,69.83504116363164,68.49250017919469,71.53525907998078,67.5331804684335,67.84085047073003,69.83504116363164,69.05066030778687
nasa,B0005,126,10,69.5642394426363,68.23913974630379,71.7575644141487,67.34764044676355,67.97362393169576,69.5642394426363,68.2509964855036
nasa,B0005,127,10,69.31143838989175,67.71610233129982,71.47538972226829,67.71194926742494,67.88405115234292,69.31143838989175,67.32256501316105
nasa,B0005,128,10,69.02183380987069,67.73208509189482,71.85614431167716,67.4739699654023,67.59444657232186,69.02183380987069,66.3636854777621
nasa,B0005,129,10,68.76182075128112,67.73519606596203,71.52081628689783,67.23590618344214,67.3344335137323,68.76182075128112,65.32135887353465
nasa,B0005,130,10,68.52564012447505,67.4657498751729,71.6541059469375,67.00210589951857,67.09825288692622,68.52564012447505,65.22996116334639
nasa,B0005,131,10,68.52542783135199,67.20945968985276,71.3631999586408,67.04189736716154,67.09804059380316,68.52542783135199,65.91760130208883
nasa,B0005,132,10,68.23677554340759,66.94956895347877,71.10105908303399,66.73282914724628,66.80938830585876,68.23677554340759,65.87326268157463
nasa,B0005,133,10,68.7696008447881,66.94572615103486,71.00516241728518,66.80368761457862,67.09422836344197,68.7696008447881,66.91416945623175
nasa,B0005,134,10,69.30557575767696,66.70033379880827,70.4529850525287,66.93585636679818,67.33999279087246,69.30557575767696,68.2494320223247
nasa,B0005,135,10,68.49250017919469,66.43222154587457,70.21058576195675,66.24749251033737,66.6709657839768,68.49250017919469,67.7335180859441
nasa,B0005,136,10,68.23913974630379,66.1585449613811,70.61242492417645,66.02688885630064,66.35031254159951,68.23913974630379,67.62132045527049
nasa,B0005,137,10,67.71610233129982,65.90845794222598,69.98543081225421,65.5766028494525,65.89456793608193,67.71610233129982,66.94623681687403
nasa,B0005,138,10,67.73208509189482,65.92332218320168,70.77605250436794,65.63400933970539,66.02164946300383,67.73208509189482,66.81919557118607
nasa,B0005,139,10,67.73519606596203,65.9146520051351,70.84935714724824,65.61674148901817,66.088342380583,67.73519606596203,66.66397057279282
nasa,B0005,140,10,67.4657498751729,66.19362111221339,71.6055845653061,65.58098692050373,65.98179687605791,67.4657498751729,66.05620336461415
nasa,B0005,141,10,67.20945968985276,68.00608383277392,71.51699557792104,65.54748847832246,65.8227485692473,67.20945968985276,65.45012753198742
nasa,B0005,142,10,66.94956895347877,66.97653433973677,70.79564404996638,65.38556492024513,65.20316406723305,66.94956895347877,64.66576899607922
nasa,B0005,143,10,66.94572615103486,66.45143282560349,70.98400592073529,65.37986166507405,65.12133478598359,66.94572615103486,64.64660422883128
nasa,B0005,144,10,66.70033379880827,66.18370637499478,70.32648728780293,65.04409985987543,64.86334999887389,66.70033379880827,64.83043186690641
nasa,B0005,145,10,66.43222154587457,65.93169483766465,70.56120398125891,64.77758031811754,64.97754420250604,66.43222154587457,64.61903307567013
nasa,B0005,146,10,66.1585449613811,65.67375660662135,70.47807564180293,64.48699531923361,64.81115514414324,66.1585449613811,64.33361560404978
nasa,B0005,147,10,65.90845794222598,65.66010317221101,69.97000911516184,64.41349889723803,64.33260602495913,65.90845794222598,63.838878293671094
nasa,B0005,148,10,65.92332218320168,65.38979973472176,70.02851899785996,64.32613155234449,64.13574669987953,65.92332218320168,63.84696359575509
nasa,B0005,149,10,65.9146520051351,65.1516459320296,69.73003958769033,64.5877965434966,64.77557493775991,65.9146520051351,64.04810326240441
nasa,B0005,150,10,66.19362111221339,65.16786779519103,69.77923450826155,64.31245289704961,64.24008519779231,66.19362111221339,64.73008839520936
nasa,B0005,151,10,68.00608383277392,65.17050219327821,69.88537503669143,64.85603287351057,64.06324373343921,68.00608383277392,67.91752047315977
nasa,B0005,152,10,66.97653433973677,64.89435403247853,69.69243784783397,64.44984498606965,64.68626353437789,66.97653433973677,67.4315468936767
nasa,B0005,153,10,66.45143282560349,64.90367528459451,69.22371949562819,64.01942942485873,64.07473695425034,66.45143282560349,67.15777188542484
nasa,B0005,154,10,66.18370637499478,64.67318069221216,69.61254447973847,63.833364982767215,63.807010503641635,66.18370637499478,66.8916587722668
nasa,B0005,155,10,65.93169483766465,64.4001696309559,69.33488175871919,63.85910277694652,63.97713992223649,65.93169483766465,66.38767973780452
nasa,B0005,156,10,65.67375660662135,64.37262610689703,69.41783731330737,63.59747922898245,63.43093038324794,65.67375660662135,65.61529927675652
nasa,B0005,157,10,65.66010317221101,65.45076821153677,69.41809990682162,64.6724134634005,64.28497454538758,65.66010317221101,64.97179382986398
nasa,B0005,158,10,65.38979973472176,66.25396643214678,69.15528396777509,64.60240340709456,64.18721034205971,65.38979973472176,63.96421324373238
nasa,B0006,6,10,100.69495379965822,94.4599497403073,97.63180663907274,100.31708879056539,100.02258932631533,100.69495379965822,98.10823942698948
nasa,B0006,7,10,100.65505528134835,93.91391861244244,97.24166757423569,100.23709214763738,99.97848242206109,100.65505528134835,98.83380831825768
nasa,B0006,8,10,98.439491313642,93.37848580760102,96.63110608380988,98.72810501670222,98.84676070207927,98.439491313642,95.24265637837776
nasa,B0006,9,10,98.40830882167123,93.37946287226883,96.3635803132464,98.99329506439162,98.76999248837731,98.40830882167123,94.76186683376302
nasa,B0006,10,10,97.86153958780268,98.98132741254089,95.64333368152879,98.48575509820026,98.60512743932703,97.86153958780268,93.88686580850616
nasa,B0006,11,10,97.27995757064676,97.87749540442012,95.79855780854498,97.82153703536241,97.93417374095773,97.27995757064676,92.94618527170515
nasa,B0006,12,10,96.73752522420565,97.29075085393775,95.11078516722296,97.07024322465558,96.57570739042441,96.73752522420565,91.95274004837614
nasa,B0006,13,10,96.16399769684014,96.21230560840047,94.16270412386095,96.72595201294313,96.76165382763085,96.16399769684014,90.76938723995123
nasa,B0006,14,10,95.59449654742434,97.29905665710821,93.93727645884248,96.10708976679237,96.32734280749514,95.59449654742434,89.82376948847752
nasa,B0006,15,10,95.05333570989653,95.07039652765395,93.77193738943123,95.7528106802902,95.83288256677672,95.05333570989653,88.80061602269136
nasa,B0006,16,10,94.4599497403073,93.93371068400424,93.6402309951967,95.08578470062835,95.03456164254423,94.4599497403073,88.45006134720728
nasa,B0006,17,10,93.91391861244244,93.4153066413211,93.52210793870711,94.5519418465031,94.38405230446858,93.91391861244244,88.57818540838747
nasa,B0006,18,10,93.37848580760102,92.801220350415,92.66137569833575,94.00114953353264,93.97968781870942,93.37848580760102,87.76491836528626
nasa,B0006,19,10,93.37946287226883,92.25998980927889,92.47945380599108,93.91170790924697,93.77613750529495,93.37946287226883,88.08126102093142
nasa,B0006,20,10,98.98132741254089,92.86144454426585,94.86502003156492,97.50979913774975,96.99776482384918,98.98132741254089,97.29909789088994
nasa,B0006,21,10,97.87749540442012,96.23880444545317,94.46333605608075,96.79681717036814,96.25568449133418,97.87749540442012,98.68569482389327
nasa,B0006,22,10,97.29075085393775,94.11158763046275,93.78228530204842,96.08765542506708,95.72366773359168,97.29075085393775,99.83528633982343
nasa,B0006,23,10,96.21230560840047,92.76383439427936,93.39840657773965,95.05845614944708,94.73683363498128,96.21230560840047,99.45552496249752
nasa,B0006,24,10,97.29905665710821,91.96254458590938,93.42332301157549,95.93740566161526,95.24949873283758,97.29905665710821,101.44821024133623
nasa,B0006,25,10,95.07039652765395,90.92698036997214,92.20963219808958,94.18428558135943,93.42347489297988,95.07039652765395,98.34246430581535
nasa,B0006,26,10,93.93371068400424,90.67385029783527,91.58688803600988,93.74412293451836,94.42552234691661,93.93371068400424,95.31102357162364
nasa,B0006,27,10,93.4153066413211,89.85509225152718,91.68964817807161,93.15541576377757,93.91792543099395,93.4153066413211,92.31486459730418
nasa,B0006,28,10,92.801220350415,89.05023147060238,91.16636558604625,92.58919094072272,93.32945930257488,92.801220350415,88.59154982753948
nasa,B0006,29,10,92.25998980927889,88.55065211341164,90.99385767865051,92.18904873303225,92.868595790152,92.25998980927889,84.71649709575647
nasa,B0006,30,10,92.86144454426585,88.02356224085472,91.9088084782958,91.96934225142499,91.50981671757518,92.86144454426585,86.1824659239665
nasa,B0006,31,10,96.23880444545317,87.51456894003293,91.77068432890563,93.62215389417244,93.62672029513884,96.23880444545317,92.27245220673501
nasa,B0006,32,10,94.11158763046275,86.97462518866288,90.47159275861506,91.73318823712582,91.46565495605479,94.11158763046275,91.50502786591446
nasa,B0006,33,10,92.76383439427936,87.73383276818602,89.07521816612568,90.23208594563752,90.12025228864276,92.76383439427936,90.44831859604571
nasa,B0006,34,10,91.96254458590938,88.29695470921088,88.7579106152975,89.45817238403524,89.36561050578548,91.96254458590938,90.64350279572965
nasa,B0006,35,10,90.92698036997214,86.68943709812419,87.48882585502106,89.64322453105298,90.45512201754943,90.92698036997214,89.20063590754124
nasa,B0006,36,10,90.67385029783527,85.6662956020367,87.46203719873483,89.51295424206407,90.56160774817745,90.67385029783527,88.14657391381891
nasa,B0006,37,10,89.85509225152718,85.12038906836733,86.62366987318467,88.61704111437156,89.75817623161065,89.85509225152718,86.12982054508
nasa,B0006,38,10,89.05023147060238,91.1859730890915,86.4766544131807,88.29655770936255,90.6473331589874,89.05023147060238,83.71009974786355
nasa,B0006,39,10,88.55065211341164,90.40642025157354,86.0101063858669,89.50081074154991,90.74746569678567,88.55065211341164,81.41700750119405
nasa,B0006,40,10,88.02356224085472,88.78805472517142,86.28494895319469,88.97095520097976,90.3721712114968,88.02356224085472,79.65948768604187
nasa,B0006,41,10,87.51456894003293,87.237049209184,86.6427847188422,88.73585550221289,89.72792233549497,87.51456894003293,80.48041497671495
nasa,B0006,42,10,86.97462518866288,86.46035170661865,85.99206050976731,88.07384923264321,88.90325434859025,86.97462518866288,80.61521559160434
nasa,B0006,43,10,87.73383276818602,85.40543276276622,85.06579643205654,88.80252028077457,88.72307794450133,87.73383276818602,82.42986496170754
nasa,B0006,44,10,88.29695470921088,84.87977118730883,86.04165948092096,89.29449175514017,89.8465297996192,88.29695470921088,84.4310900769089
nasa,B0006,45,10,86.68943709812419,84.10317262014732,85.84044166043047,88.04353460166652,88.94655508480326,86.68943709812419,83.13878563262335
nasa,B0006,46,10,85.6662956020367,83.57384161147543,85.67046865667261,86.84431259234785,87.61331494064449,85.6662956020367,82.21766835093719
nasa,B0006,47,10,85.12038906836733,83.03795693523827,85.16122996529907,86.29711353301234,87.0675524117969,85.12038906836733,81.53715646071058
nasa,B0006,48,10,91.1859730890915,82.55605075190346,86.46204906910722,87.54614246355834,86.54194347178193,91.1859730890915,90.8139650620088
nasa,B0006,49,10,90.40642025157354,82.00674628095463,87.36929599472504,87.32601738180662,86.35910656138799,90.40642025157354,92.2284954896867
nasa,B0006,50,10,88.78805472517142,81.45999708082721,86.0186436848826,85.5808927093593,85.3613438811315,88.78805472517142,91.34513355502176
nasa,B0006,51,10,87.237049209184,80.44248151480832,85.94633384136388,85.39770913426935,85.29818855435306,87.237049209184,89.25113399916178
nasa,B0006,52,10,86.46035170661865,80.17622449484624,85.29831260539855,85.08886922216878,84.54582643615662,86.46035170661865,87.18146552784752
nasa,B0006,53,10,85.40543276276622,79.94856072013991,85.23864272551307,84.91916265373445,84.10539037194286,85.40543276276622,84.82663984822621
nasa,B0006,54,10,84.87977118730883,79.38136561787802,85.08539440826185,85.36719960763449,85.82997102976184,84.87977118730883,83.37199197233312
nasa,B0006,55,10,84.10317262014732,79.14859872343084,84.40165390533747,84.76610376726039,85.05337246260032,84.10317262014732,80.58533354215383
nasa,B0006,56,10,83.57384161147543,78.35688183567815,84.46785093252915,84.57465906717505,84.4707649746842,83.57384161147543,77.38860893840027
nasa,B0006,57,10,83.03795693523827,78.06723069856942,84.19768248357595,84.23918036755333,83.96202043898049,83.03795693523827,73.78272303221017
nasa,B0006,58,10,82.55605075190346,77.5585594639521,85.0183953657372,83.85039133268096,83.77387902567665,82.55605075190346,74.26409639735938
nasa,B0006,59,10,82.00674628095463,77.03370803147585,83.71359617413627,83.16875531867035,83.04196893052891,82.00674628095463,74.90480015508486
nasa,B0006,60,10,81.45999708082721,76.26569372312217,83.65767695993809,82.63997874655959,82.44033583309695,81.45999708082721,75.18906429573289
nasa,B0006,61,10,80.44248151480832,76.50785159033714,83.60760908031432,81.37999828911035,81.31551080643811,80.44248151480832,74.30179931404432
nasa,B0006,62,10,80.17622449484624,76.23283417237043,82.48288472892006,81.09794550754484,81.04157599297322,80.17622449484624,74.3263474045262
nasa,B0006,63,10,79.94856072013991,75.72746493327713,83.54361927166873,80.87280392757314,80.85745347087996,79.94856072013991,74.32374159291899
nasa,B0006,64,10,79.38136561787802,75.4695752301041,79.45317491585506,80.46203479366501,80.08474787152487,79.38136561787802,73.98322329223286
nasa,B0006,65,10,79.14859872343084,75.19987166525353,81.50690244793203,80.01920338920354,79.83111839773198,79.14859872343084,73.99891046300145
nasa,B0006,66,10,78.35688183567815,74.67600959020095,81.25281316322292,79.46673742640188,79.12877342961126,78.35688183567815,73.27146913793536
nasa,B0006,67,10,78.06723069856942,74.3816151224871,81.17701073101902,79.1550289990444,78.8693230123359,78.06723069856942,73.16320434405907
nasa,B0006,68,10,77.5585594639521,76.51438107200852,81.25789575865309,78.59398796038603,78.36065177771857,77.5585594639521,72.8397038978317
nasa,B0006,69,10,77.03370803147585,75.20380044180057,81.06804465391932,78.04479107403952,77.82305007725985,77.03370803147585,72.45329419333207
nasa,B0006,70,10,76.26569372312217,74.43796804365446,80.87920660882973,77.30258061095898,77.1246377219358,76.26569372312217,71.6430977658261
nasa,B0006,71,10,76.50785159033714,73.91389642773318,80.85618162033792,77.5103461848244,77.27847181719719,76.50785159033714,71.92642844080612
nasa,B0006,72,10,76.23283417237043,73.9229991107842,80.64970469015752,77.20001089015422,77.05673087847471,76.23283417237043,71.84199448925054
nasa,B0006,73,10,75.72746493327713,73.66074224499864,81.26548913605178,76.68749968966642,76.55136163938141,75.72746493327713,71.5777636239224
nasa,B0006,74,10,75.4695752301041,73.37582467533949,81.14630088353069,76.46452679896979,76.36457044265903,75.4695752301041,71.55386308968339
nasa,B0006,75,10,75.19987166525353,72.58146328760667,81.0430905750718,76.14150834078303,76.1449562370919,75.19987166525353,71.69001613940175
nasa,B0006,76,10,74.67600959020095,72.59618860483589,80.97523681412018,75.65203099943527,75.57100480275588,74.67600959020095,71.23709005319694
nasa,B0006,77,10,74.3816151224871,72.35742347388873,80.189834438021,75.37985759121374,75.37623836629585,74.3816151224871,71.10611834847231
nasa,B0006,78,10,76.51438107200852,72.34269052829943,81.56351541465777,77.24216446391898,76.56376066663256,76.51438107200852,74.67326106807785
nasa,B0006,79,10,75.20380044180057,72.08370965142339,81.56712964622173,76.18738800779451,76.25755751329562,75.20380044180057,73.85886116884961
nasa,B0006,80,10,74.43796804365446,79.67933296550063,82.14487863503821,75.47826979437927,75.77789619383147,74.43796804365446,72.88128018072233
nasa,B0006,81,10,73.91389642773318,77.31951188457819,82.51109380334651,74.97939956675192,75.10779844341921,73.91389642773318,72.24258381451739
nasa,B0006,82,10,73.9229991107842,75.73527958783049,82.63882796518759,74.96330086150901,75.17378875311819,73.9229991107842,72.27310070940798
nasa,B0006,83,10,73.66074224499864,74.94893041667702,82.13640974871618,74.74459391981095,74.77539011029405,73.66074224499864,71.83227603734541
nasa,B0006,84,10,73.37582467533949,74.15555372705246,82.36014419390004,74.46094743908628,74.49427579380873,73.37582467533949,71.29196645018015
nasa,B0006,85,10,72.58146328760667,73.6483241273414,81.91549801089684,73.61123599589523,73.65966303183122,72.58146328760667,69.88291058473389
nasa,B0006,86,10,72.59618860483589,73.13802198049653,82.34173421253323,73.65834263008547,73.96452695131721,72.59618860483589,69.25911486575133
nasa,B0006,87,10,72.35742347388873,72.59182340531257,83.15707987238014,73.468002061995,73.73075072913775,72.35742347388873,68.30742970752284
nasa,B0006,88,10,72.34269052829943,72.34335322015197,83.28577326140686,73.38758714796634,73.53114670601092,72.34269052829943,69.23894111232681
nasa,B0006,89,10,72.08370965142339,72.06901997138895,82.94508225492363,73.15144031016851,73.25680964608281,72.08370965142339,69.41688132907099
nasa,B0006,90,10,79.67933296550063,71.5605372480387,85.17036883799578,77.26364439356742,75.9101467071846,79.67933296550063,81.46013088997105
nasa,B0006,91,10,77.31951188457819,71.30123589762857,84.66556467916281,74.97619352879975,73.89352249515863,77.31951188457819,81.2760628833182
nasa,B0006,92,10,75.73527958783049,71.02438249830975,83.51620953154614,73.81519763144881,73.34523728283781,75.73527958783049,80.59672353533355
nasa,B0006,93,10,74.94893041667702,71.03503115177503,83.29096039601558,73.2278642118749,72.85329857883217,74.94893041667702,79.89184131184524
nasa,B0006,94,10,74.15555372705246,72.61279021654194,83.34208399238302,72.56634961262026,72.34647789468552,74.15555372705246,78.4010915810235
nasa,B0006,95,10,73.6483241273414,71.57788163862855,82.93229162180606,71.96723750227632,71.5928415013801,73.6483241273414,76.29573137854639
nasa,B0006,96,10,73.13802198049653,70.75078755794715,83.21298902157493,71.49951170126383,71.09007528898347,73.13802198049653,73.78945241611416
nasa,B0006,97,10,72.59182340531257,70.48655753258726,82.93353093431244,70.98843379129315,70.92422491936591,72.59182340531257,70.7244970030158
nasa,B0006,98,10,72.34335322015197,70.24586590646545,83.14300285146334,72.88839262223121,72.77522734634788,72.34335322015197,67.78350671140899
nasa,B0006,99,10,72.06901997138895,69.75821482857815,83.39259099910274,72.62527932318625,72.59706735422053,72.06901997138895,64.49428279449016
nasa,B0006,100,10,71.5605372480387,69.72671916307038,84.69437831989052,72.5195784824461,72.47084745683615,71.5605372480387,65.75908463357595
nasa,B0006,101,10,71.30123589762857,69.46585589656323,84.21214888430104,72.26027713203597,72.21154610642603,71.30123589762857,66.54251314203128
nasa,B0006,102,10,71.02438249830975,69.19189736163904,84.29957281119844,71.20495735748742,70.05999412779583,71.02438249830975,66.83071179041465
nasa,B0006,103,10,71.03503115177503,68.68407119097562,85.23973264258349,70.24681482066136,70.08097423315397,71.03503115177503,67.4590058962815
nasa,B0006,104,10,72.61279021654194,68.93029945931838,85.56414482751177,71.08538918571483,70.21262537393635,72.61279021654194,70.46050050598558
nasa,B0006,105,10,71.57788163862855,68.68800149554288,85.11801103577496,70.42597804793678,70.08322865210206,71.57788163862855,70.13368045622015
nasa,B0006,106,10,70.75078755794715,68.41290291971356,84.8888594493874,69.67164945537314,69.33983308254432,70.75078755794715,69.47429397253518
nasa,B0006,107,10,70.48655753258726,68.16512018658753,85.05593185469661,69.39922536506322,69.20367365006467,70.48655753258726,69.15887544052542
nasa,B0006,108,10,70.24586590646545,67.904830700863,85.37349109023603,69.21624197871725,68.92617210267822,70.24586590646545,68.82524591827422
nasa,B0006,109,10,69.75821482857815,67.66345454997655,85.55696636658418,68.67285372326546,68.32831632813564,69.75821482857815,68.05001750122689
nasa,B0006,110,10,69.72671916307038,69.20802869118744,85.22014624435167,68.68518276488433,68.52520134271211,69.72671916307038,67.65487415348022
nasa,B0006,111,10,69.46585589656323,70.25733895325736,85.44307120149821,68.43011724776235,68.24616760024517,69.46585589656323,66.93748756333177
nasa,B0006,112,10,69.19189736163904,68.93595113136764,85.45747831394891,68.28502588622945,68.24506750619699,69.19189736163904,66.09547514690603
nasa,B0006,113,10,68.68407119097562,68.41328891599532,85.54599664251253,67.69652198635904,67.48668468775601,68.68407119097562,64.97181751446767
nasa,B0006,114,10,68.93029945931838,67.86575648309008,85.71426799868841,67.8664591078395,67.74404746137068,68.93029945931838,66.073324869467
nasa,B0006,115,10,68.68800149554288,67.62467319400798,86.51488170757771,67.70848943409207,67.67798898810422,68.68800149554288,66.31056693073715
nasa,B0006,116,10,68.41290291971356,67.37049575830618,86.22677589579983,67.54390545714108,67.5483275336662,68.41290291971356,66.16384705972395
nasa,B0006,117,10,68.16512018658753,66.85037565421159,86.66988206424224,67.30313292307049,67.30054480054017,68.16512018658753,66.01651541925486
nasa,B0006,118,10,67.904830700863,66.56176483359263,86.88259027454667,67.02554964099164,66.94577831696331,67.904830700863,65.8356262039533
nasa,B0006,119,10,67.66345454997655,66.29651890863822,87.05835148176668,66.70509595276589,66.4313378507578,67.66345454997655,65.50065172933618
nasa,B0006,120,10,69.20802869118744,66.07893719337645,86.00372284724862,67.27371549349884,66.72645391739898,69.20802869118744,68.02703575939321
nasa,B0006,121,10,70.25733895325736,66.06125370330544,87.10002000697821,68.17233006737938,67.2676312448986,70.25733895325736,70.51946969035873
nasa,B0006,122,10,68.93595113136764,65.78242650931341,86.8069809695211,67.36133205107599,66.83068384506699,68.93595113136764,69.64187218011845
nasa,B0006,123,10,68.41328891599532,66.04512848751195,86.88031566549512,66.88472503005035,66.29725345456954,68.41328891599532,68.97038480032853
nasa,B0006,124,10,67.86575648309008,67.37164383636953,86.94968601699028,66.88097810923855,66.36068794251696,67.86575648309008,68.17234742152593
nasa,B0006,125,10,67.62467319400798,66.30064036176807,87.16494164534421,66.63989482015646,66.11960465343486,67.62467319400798,67.51676274710329
nasa,B0006,126,10,67.37049575830618,65.50593392415531,87.13096709733023,66.3698393276215,65.86542721773306,67.37049575830618,66.65493091682642
nasa,B0006,127,10,66.85037565421159,65.2608101146965,87.29047356690141,65.91613963956958,65.73839295100267,66.85037565421159,65.20461843764637
nasa,B0006,128,10,66.56176483359263,65.02030975677887,87.609152821491,65.65568526828591,65.44978213038371,66.56176483359263,63.81422780777291
nasa,B0006,129,10,66.29651890863822,65.0117867920558,87.66360960387101,65.39286297587614,65.24701427092002,66.29651890863822,62.30440090690938
nasa,B0006,130,10,66.07893719337645,64.47533361240377,88.1662948967169,65.16270697506424,64.96695449016752,66.07893719337645,61.91896254292887
nasa,B0006,131,10,66.06125370330544,63.96265286923975,88.29119302683102,65.14502348499323,64.94927100009652,66.06125370330544,62.8026008567302
nasa,B0006,132,10,65.78242650931341,63.96039085857309,88.0575840936364,64.8661962910012,64.67044380610449,65.78242650931341,62.90069908559156
nasa,B0006,133,10,66.04512848751195,63.701838045146154,87.3083698158953,64.9338371814457,64.57166650192387,66.04512848751195,63.71742240657082
nasa,B0006,134,10,67.37164383636953,63.70636961500734,86.47359365328414,65.38205623957332,64.73165255295278,67.37164383636953,66.24354105182894
nasa,B0006,135,10,66.30064036176807,63.188197132203896,86.39412411353764,65.10712134358968,64.52845324800617,66.30064036176807,65.68712740951435
nasa,B0006,136,10,65.50593392415531,62.906868444776165,86.84810117964885,64.37152500287041,63.792035146193584,65.50593392415531,64.9645717698397
nasa,B0006,137,10,65.2608101146965,62.66299320276505,87.17627266967737,64.1264011934116,63.546911336734766,65.2608101146965,64.53715562123611
nasa,B0006,138,10,65.02030975677887,62.661566577467134,87.11030309093529,63.85592431262472,63.67057103969971,65.02030975677887,63.9834483078684
nasa,B0006,139,10,65.0117867920558,62.40437480156788,86.88337512587493,63.87926960558804,63.621898743883804,65.0117867920558,63.667081920823776
nasa,B0006,140,10,64.47533361240377,62.67177142472422,87.20617779168593,64.47793629034602,63.56722084804525,64.47533361240377,62.54084512178465
nasa,B0006,141,10,63.96265286923975,64.49024386633451,87.52992523315804,63.676697901975004,63.325663752571046,63.96265286923975,61.341323915760036
nasa,B0006,142,10,63.96039085857309,63.17701010879417,87.7701540525155,63.683829934888045,63.332744591159,63.96039085857309,60.719478680912744
nasa,B0006,143,10,63.701838045146154,62.39880853421427,88.03179089817482,63.318622471902685,63.070586888816045,63.701838045146154,60.09630129426404
nasa,B0006,144,10,63.70636961500734,61.60601438971667,87.84410354281616,62.9546857885381,62.953332519937454,63.70636961500734,60.907058827322665
nasa,B0006,145,10,63.188197132203896,61.35568833106767,88.32940033959325,62.46837040848953,62.44314574823173,63.188197132203896,60.642746118436484
nasa,B0006,146,10,62.906868444776165,61.08698790688678,88.28207069687073,62.44431809262038,62.63667173871957,62.906868444776165,60.30928674786773
nasa,B0006,147,10,62.66299320276505,60.5551339457587,89.10724053643443,62.23228489063367,62.441050062735144,62.66299320276505,60.03188033038894
nasa,B0006,148,10,62.661566577467134,60.28079882565868,88.53839690548055,62.01878735335686,62.053699873003175,62.661566577467134,60.15069769684087
nasa,B0006,149,10,62.40437480156788,60.044681313586366,88.64115290568806,61.94635827141772,61.90853311961064,62.40437480156788,60.153689777150674
nasa,B0006,150,10,62.67177142472422,59.529519927791675,89.53554780560265,62.02526012393709,62.03713859887278,62.67177142472422,60.78553744519538
nasa,B0006,151,10,64.49024386633451,59.25896255209705,91.00429340729468,62.49245310724817,61.6363279365402,64.49024386633451,63.83718142715151
nasa,B0006,152,10,63.17701010879417,58.983534090723126,90.7538216905627,62.12035798965436,61.641521145667035,63.17701010879417,62.97535145666094
nasa,B0006,153,10,62.39880853421427,58.729764183769575,90.55705426025703,61.64450257185334,61.41431122548319,62.39880853421427,62.146666783109076
nasa,B0006,154,10,61.60601438971667,57.6909165798125,90.81252268010996,61.386802799638964,60.80282177420764,61.60601438971667,61.031920387509764
nasa,B0006,155,10,61.35568833106767,58.220047786861315,90.76191909055842,60.84204159440818,61.0411182319523,61.35568833106767,60.23224078151061
nasa,B0006,156,10,61.08698790688678,57.93987473958035,90.97949479038601,60.667754335267645,60.79811643977329,61.08698790688678,59.30219276288512
nasa,B0006,157,10,60.5551339457587,58.74874417384586,90.93887339381531,60.70609070661608,61.083444006259796,60.5551339457587,57.8768971323733
nasa,B0006,158,10,60.28079882565868,59.283761639646784,91.13579839408376,60.430577934571374,60.84953812066448,60.28079882565868,56.81403001287945
nasa,B0007,6,10,94.03501758558703,92.93677725300518,92.50670279927104,91.59924035998591,91.96221170408678,94.03501758558703,93.24630396147127
nasa,B0007,7,10,93.99676261783037,92.39086456610724,91.98483477785696,91.55548008121073,91.57304678798113,93.99676261783037,93.38182904773363
nasa,B0007,8,10,94.07544062019399,92.42626458068524,92.41004879533531,91.92628577152642,91.82160518051198,94.07544062019399,93.64972487208287
nasa,B0007,9,10,93.48453935192921,92.4189475925017,92.61138061363971,91.25946191969858,91.88919814633229,93.48453935192921,92.78157212510894
nasa,B0007,10,10,93.50261900695995,94.03902718804883,92.10708967692543,91.25353725869894,92.26489804062084,93.50261900695995,92.70671086973111
nasa,B0007,11,10,93.50221197094288,94.07360798721798,91.8993341698715,90.9806476187,91.13614694561329,93.50221197094288,92.83676049912955
nasa,B0007,12,10,92.98259493883182,94.05477156622393,91.87746548946733,89.81875826388547,90.02727839525272,92.98259493883182,91.94431862158741
nasa,B0007,13,10,92.95373280431103,93.55044824889998,91.59576969875135,90.3689835535696,90.98703308488201,92.95373280431103,91.65492605910154
nasa,B0007,14,10,92.95042288854616,93.50997575970688,90.92279267721263,90.42053707603344,90.51342833593385,92.95042288854616,91.52372440778495
nasa,B0007,15,10,92.96811293478524,93.53357681400493,91.51502220329107,90.42429929959684,90.75620244856393,92.96811293478524,91.51106449133496
nasa,B0007,16,10,92.93677725300518,92.98062322010084,91.11024106633114,90.39077565859695,90.76664962277141,92.93677725300518,91.59568512947422
nasa,B0007,17,10,92.39086456610724,93.0016954859173,90.41295387596062,89.83822779462993,90.22073693587348,92.39086456610724,90.97557493448097
nasa,B0007,18,10,92.42626458068524,92.95826554580384,90.49792852379882,89.89503940127724,90.31465583701764,92.42626458068524,91.20319285069993
nasa,B0007,19,10,92.4189475925017,92.40699089389143,89.81358377094973,89.84726112510553,90.24623955798631,92.4189475925017,91.19006862685144
nasa,B0007,20,10,94.03902718804883,92.4600851063082,92.80884471388347,91.13326151527012,91.66056344293165,94.03902718804883,93.82923650698318
nasa,B0007,21,10,94.07360798721798,94.17338718975424,92.78437616535228,91.63818912205541,91.78131634598263,94.07360798721798,94.83647731401918
nasa,B0007,22,10,94.05477156622393,93.14105558952922,93.11372745353134,91.65336439314379,91.86785521490557,94.05477156622393,95.36435501151512
nasa,B0007,23,10,93.55044824889998,92.6042519826176,93.13340564842701,91.10054219151577,91.35567219070296,93.55044824889998,94.98245814053396
nasa,B0007,24,10,93.50997575970688,92.34752324104353,92.15786579212228,90.96411612783992,91.30387267323532,93.50997575970688,94.96780043917882
nasa,B0007,25,10,93.53357681400493,91.8414215584509,92.90417925737478,91.19928825824819,91.46295460827068,93.53357681400493,94.97405835737491
nasa,B0007,26,10,92.98062322010084,91.85809809836137,92.01183174153034,90.48740659211622,90.91000101436659,92.98062322010084,94.01271904535935
nasa,B0007,27,10,93.0016954859173,91.58361291859427,92.15277789663078,90.47944251249052,90.908375593034,93.0016954859173,93.26764310229339
nasa,B0007,28,10,92.95826554580384,91.05735475658892,91.62619949731263,90.3045172543213,90.84457421584779,92.95826554580384,92.38393579328037
nasa,B0007,29,10,92.40699089389143,90.82530457557574,91.67417333398227,89.92157401938292,90.53236235003767,92.40699089389143,90.6223255501976
nasa,B0007,30,10,92.4600851063082,90.56907800752278,91.21324722072904,89.96614513972575,90.3477234367678,92.4600851063082,90.5755470114434
nasa,B0007,31,10,94.17338718975424,90.58028166969791,88.65795134422706,91.0304391277514,89.9867159327352,94.17338718975424,93.33794553798252
nasa,B0007,32,10,93.14105558952922,90.30274477778701,88.9237498894656,90.42024673658267,90.3473923262083,93.14105558952922,92.76696835430312
nasa,B0007,33,10,92.6042519826176,90.66020913497029,88.91000593919603,89.87331098405132,89.68454277699016,92.6042519826176,92.17325510336875
nasa,B0007,34,10,92.34752324104353,90.31320969141767,88.29795354936846,89.6448429022356,89.7716448593144,92.34752324104353,91.80729165578849
nasa,B0007,35,10,91.8414215584509,89.79155124950229,88.34693663642713,89.25476461188218,88.90707297522947,91.8414215584509,91.07253717575168
nasa,B0007,36,10,91.85809809836137,89.29426300195226,88.01560301068494,89.28680549437843,89.46161014708268,91.85809809836137,90.70613121139105
nasa,B0007,37,10,91.58361291859427,89.01634302251377,87.44904920882499,89.1111264202729,89.38210344288626,91.58361291859427,90.04895616671993
nasa,B0007,38,10,91.05735475658892,90.75378449787789,87.64669878438292,88.64830839417144,88.81002242207049,91.05735475658892,88.99589373589234
nasa,B0007,39,10,90.82530457557574,90.78512577422919,87.50304874760556,88.38060876173435,88.55831820548907,90.82530457557574,87.97336345443722
nasa,B0007,40,10,90.56907800752278,90.01216089028337,87.3874516885201,88.04787424184937,88.35235885697956,90.56907800752278,87.01401253507804
nasa,B0007,41,10,90.58028166969791,89.52238102804654,87.04821306524187,88.08097771559781,88.24560564239994,90.58028166969791,87.6996173050411
nasa,B0007,42,10,90.30274477778701,89.0171516150066,86.84563443340939,87.75676167918674,87.75711670695571,90.30274477778701,87.69240463670232
nasa,B0007,43,10,90.66020913497029,88.7664384798406,85.97274822042823,87.98244312907897,88.18300552741108,90.66020913497029,88.50134237879747
nasa,B0007,44,10,90.31320969141767,88.51314867366426,85.47545125723151,87.48686778649385,87.63716475046918,90.31320969141767,88.48103295930865
nasa,B0007,45,10,89.79155124950229,88.0040530927102,84.55890177664908,86.94425542303945,86.88143791484653,89.79155124950229,87.91070591197183
nasa,B0007,46,10,89.29426300195226,87.48237967688445,84.72489319929281,86.4031116200382,85.99300658372411,89.29426300195226,87.35308774560418
nasa,B0007,47,10,89.01634302251377,87.48250375296554,84.12283189137476,85.97151544035822,85.89618029706516,89.01634302251377,86.99102290191973
nasa,B0007,48,10,90.75378449787789,87.25143696073415,83.19716915201153,86.82837543551247,86.52152140965157,90.75378449787789,89.55236031839436
nasa,B0007,49,10,90.78512577422919,86.98228727643364,83.22690771111085,86.82849333235558,85.97515730270209,90.78512577422919,90.30678905182204
nasa,B0007,50,10,90.01216089028337,86.42821138858982,83.27699866092404,86.08698131279796,85.06078922051408,90.01216089028337,89.66934686123129
nasa,B0007,51,10,89.52238102804654,86.1950162294209,83.57547019070154,85.69499348837056,84.60615654837125,89.52238102804654,89.12291125345702
nasa,B0007,52,10,89.0171516150066,85.69894388242597,83.36522484260234,85.4103280084248,85.02898289857593,89.0171516150066,88.22865220123865
nasa,B0007,53,10,88.7664384798406,85.69850998502307,83.55333262344088,85.13472500303364,84.82495116752371,88.7664384798406,87.8462958534447
nasa,B0007,54,10,88.51314867366426,85.18260586819383,83.09275051249548,84.7851082468909,84.05323446620577,88.51314867366426,87.32141975437337
nasa,B0007,55,10,88.0040530927102,85.20068737191244,83.19179772607139,84.29057726436731,83.91916892599266,88.0040530927102,86.13346630148496
nasa,B0007,56,10,87.48237967688445,84.67858078671516,82.27089733932085,84.00527140698927,83.42687630850676,87.48237967688445,84.53352682270081
nasa,B0007,57,10,87.48250375296554,84.38288681938828,81.98761033582805,84.04706825485756,83.71344910170517,87.48250375296554,83.48979474861386
nasa,B0007,58,10,87.25143696073415,84.15372178291575,82.2728384265244,83.77571055879346,83.37472273115041,87.25143696073415,83.43304960245803
nasa,B0007,59,10,86.98228727643364,83.89635071012741,81.46465056774657,83.34024268173496,82.54483305280083,86.98228727643364,83.63683380395712
nasa,B0007,60,10,86.42821138858982,83.66030137983086,81.41106784919432,82.73860905109215,82.08352964878269,86.42821138858982,83.19910878867618
nasa,B0007,61,10,86.1950162294209,83.37183604126994,81.40652137890413,82.53817377727516,81.99436982896924,86.1950162294209,83.06296535578292
nasa,B0007,62,10,85.69894388242597,83.11331315333763,81.28847767547403,82.21669237763626,81.72698238416547,85.69894388242597,82.45985715511563
nasa,B0007,63,10,85.69850998502307,82.87121532881531,81.47588495824091,82.29906582767893,82.27884679418139,85.69850998502307,82.5872156405076
nasa,B0007,64,10,85.18260586819383,82.6269342464367,79.56825808113074,81.71379670716836,80.99221718868944,85.18260586819383,82.12071191072968
nasa,B0007,65,10,85.20068737191244,82.3608731378666,80.51145060612458,81.7571550895859,81.19916673821493,85.20068737191244,82.2623615441611
nasa,B0007,66,10,84.67858078671516,81.82068405449036,80.6267887559471,81.22886445836814,80.67706015301765,84.67858078671516,81.57105730690307
nasa,B0007,67,10,84.38288681938828,81.81277156024248,80.57444692847082,81.0488562513827,80.74046628906906,84.38288681938828,81.2848151972905
nasa,B0007,68,10,84.15372178291575,82.0559589609192,80.11731740571099,80.84902830813668,80.62438389992015,84.15372178291575,81.16176952303877
nasa,B0007,69,10,83.89635071012741,81.57850394828483,80.26254841339201,80.5586182202441,80.26920875761276,83.89635071012741,81.06618109569762
nasa,B0007,70,10,83.66030137983086,81.0606641493618,80.52485628799546,80.30568770231599,79.8299078270507,83.66030137983086,80.86782922258537
nasa,B0007,71,10,83.37183604126994,80.82136607381061,79.91710144659773,80.16350054281801,79.91844615822856,83.37183604126994,80.63975741512459
nasa,B0007,72,10,83.11331315333763,80.79117550809605,79.45519917499907,79.9536615848262,79.97850461299339,83.11331315333763,80.31210433513891
nasa,B0007,73,10,82.87121532881531,80.83620901489451,79.06076285443321,79.6741829993516,79.81698726141724,82.87121532881531,80.1819434801416
nasa,B0007,74,10,82.6269342464367,80.54327931865014,78.74003605742129,79.5440253276167,79.71011920394098,82.6269342464367,79.91512144522045
nasa,B0007,75,10,82.3608731378666,80.03301687154688,78.78549081495389,79.21214631363797,79.37148586407815,82.3608731378666,79.80322785727691
nasa,B0007,76,10,81.82068405449036,79.79587243502831,78.92699385289713,78.72119424514396,78.85446534454468,81.82068405449036,79.11870655395352
nasa,B0007,77,10,81.81277156024248,79.81089759731121,78.31461490281954,78.71960146287596,79.1272370830086,81.81277156024248,79.11142834737214
nasa,B0007,78,10,82.0559589609192,79.79032557316987,77.92716081485887,78.76650887711335,78.25755307522279,82.0559589609192,79.64665014015058
nasa,B0007,79,10,81.57850394828483,79.53253910740352,77.33281208679914,78.71159587687305,78.50972471816704,81.57850394828483,79.28349307898843
nasa,B0007,80,10,81.0606641493618,84.44105580927753,77.89887701861291,78.28535051016448,78.83337566478843,81.0606641493618,78.72107806184768
nasa,B0007,81,10,80.82136607381061,81.29969139866601,79.07502231589118,77.97998016356517,78.64503121586993,80.82136607381061,78.42947586243078
nasa,B0007,82,10,80.79117550809605,80.78716931406449,77.81351670048308,77.78552701254377,78.35289826352817,80.79117550809605,78.46731287444034
nasa,B0007,83,10,80.83620901489451,80.28313382423269,77.47046965508578,77.67690990077314,77.73056049728586,80.83620901489451,78.72501036998854
nasa,B0007,84,10,80.54327931865014,79.74873460762174,76.91475741874865,77.40198541077295,77.53342595561303,80.54327931865014,78.56877820525013
nasa,B0007,85,10,80.03301687154688,79.52051219435972,76.80590695291507,76.85101112999436,76.92736835393823,80.03301687154688,77.9920784797967
nasa,B0007,86,10,79.79587243502831,79.26758531494089,76.53430353310219,76.72754633073147,77.3277911991427,79.79587243502831,77.48118359443299
nasa,B0007,87,10,79.81089759731121,78.99868573621188,76.96255020033773,76.74119583866346,77.37177420520611,79.81089759731121,77.47081056621877
nasa,B0007,88,10,79.79032557316987,78.76092732639034,76.37108125070274,76.51956172623085,76.62022440739838,79.79032557316987,77.818395570734
nasa,B0007,89,10,79.53253910740352,78.4899242324434,75.64810504206667,76.23597302994153,76.36243794163204,79.53253910740352,77.74447422117709
nasa,B0007,90,10,84.44105580927753,78.51282687975178,76.44309076601782,80.23611497740521,78.22059062601947,84.44105580927753,85.41699799141064
nasa,B0007,91,10,81.29969139866601,78.2624936954719,75.67598017704663,77.52696584934708,76.69833632282983,81.29969139866601,82.75689265846778
nasa,B0007,92,10,80.78716931406449,77.98169667805736,75.2017605384267,77.2324390524813,77.0080502993245,80.78716931406449,82.36796627977832
nasa,B0007,93,10,80.28313382423269,78.24910266696052,75.10701034187407,76.87457308808658,76.55206402099478,80.28313382423269,81.74310598400164
nasa,B0007,94,10,79.74873460762174,78.7489749921135,75.20167097609936,76.34928202169372,76.01766480438383,79.74873460762174,80.66814443254496
nasa,B0007,95,10,79.52051219435972,78.2640558439023,74.81106031893292,76.19544337597682,75.63705167266173,79.52051219435972,79.531008216835
nasa,B0007,96,10,79.26758531494089,77.9877748735063,74.2075148328187,75.93130522145573,75.76555637283273,79.26758531494089,78.13523290696216
nasa,B0007,97,10,78.99868573621188,77.49488428352494,74.21184490674028,75.64906218743688,75.53592242673312,78.99868573621188,76.65086397758073
nasa,B0007,98,10,78.76092732639034,77.1938576567251,74.53979082639056,75.544225324558,75.29816401691158,78.76092732639034,75.15268505154619
nasa,B0007,99,10,78.4899242324434,77.25093744345037,74.24947573724525,75.41346242488787,75.14302424617631,78.4899242324434,73.42635947318054
nasa,B0007,100,10,78.51282687975178,77.22970077051454,74.09228000690821,75.41735669667464,75.42755361391316,78.51282687975178,75.40515401766478
nasa,B0007,101,10,78.2624936954719,76.71543360879438,73.89619403536368,75.21176616378459,75.17394694254222,78.2624936954719,75.59849762048835
nasa,B0007,102,10,77.98169667805736,76.43801971479242,73.67318152104018,74.92975521474267,74.92806608761852,77.98169667805736,75.63467916708883
nasa,B0007,103,10,78.24910266696052,76.44630124589922,73.45949686849949,75.13262814560707,75.12540824709968,78.24910266696052,76.36895516146114
nasa,B0007,104,10,78.7489749921135,76.45458250665615,73.83979056629687,75.25457461750882,74.71545429356614,78.7489749921135,77.4986382107621
nasa,B0007,105,10,78.2640558439023,76.19529662330623,72.56633967486582,75.0481369972998,75.17272984559602,78.2640558439023,77.34806314131909
nasa,B0007,106,10,77.9877748735063,75.93337709550308,73.08066702788062,74.81351594830832,74.73627951217817,77.9877748735063,77.23910735840298
nasa,B0007,107,10,77.49488428352494,75.68241133213476,72.99068494751145,74.43100095699917,74.28608372924943,77.49488428352494,76.62055469572081
nasa,B0007,108,10,77.1938576567251,75.68025092614516,72.89484907421537,74.25326938405843,74.17959784150904,77.1938576567251,76.05344301174375
nasa,B0007,109,10,77.25093744345037,75.69735307433983,73.05830330800848,74.30255861316017,74.10959694929448,77.25093744345037,75.88485127986395
nasa,B0007,110,10,77.22970077051454,76.69799596579394,71.98612434860127,74.25578642365147,74.08836027635866,77.22970077051454,75.79180809692646
nasa,B0007,111,10,76.71543360879438,76.95686399326549,71.62532112967389,73.91060541877039,73.58804870774763,76.71543360879438,74.91386671222969
nasa,B0007,112,10,76.43801971479242,76.18123986419369,72.18135166677246,73.65959499843721,73.31063481374566,76.43801971479242,74.12178634893465
nasa,B0007,113,10,76.44630124589922,75.67906517794573,71.790355094691,73.60845385802081,73.31170656702044,76.44630124589922,73.98530162798632
nasa,B0007,114,10,76.45458250665615,75.38925374923957,71.47104528043141,73.66247247237548,73.36580424928616,76.45458250665615,74.40510328914978
nasa,B0007,115,10,76.19529662330623,75.15980338018666,70.71384229879165,73.49229721355135,73.3113266011047,76.19529662330623,74.37073789047554
nasa,B0007,116,10,75.93337709550308,74.89110298497941,71.45524131940753,73.18221361749916,73.04132134560989,75.93337709550308,74.2574450301729
nasa,B0007,117,10,75.68241133213476,74.6424267316758,70.49424452817834,72.94057056177401,72.75174893856482,75.68241133213476,73.93863970375334
nasa,B0007,118,10,75.68025092614516,74.62071949335129,71.14616624427165,72.9460319954511,72.74958853257522,75.68025092614516,73.88647060465647
nasa,B0007,119,10,75.69735307433983,74.37413882690404,70.43903353416253,72.88257797017899,72.84385938384911,75.69735307433983,74.08441317785837
nasa,B0007,120,10,76.69799596579394,74.12675743202055,69.91791363705288,73.31033809459966,72.61928016455492,76.69799596579394,75.98585718274485
nasa,B0007,121,10,76.95686399326549,74.13937161114492,69.81243633081012,73.8847619935694,73.50383960590587,76.95686399326549,77.00833135866472
nasa,B0007,122,10,76.18123986419369,73.84855898875296,69.30185966960843,73.15454646627477,72.72821547683407,76.18123986419369,76.3590387862467
nasa,B0007,123,10,75.67906517794573,74.09507777068637,69.28050526632842,72.81347863810997,72.22604079058611,75.67906517794573,75.74592804253983
nasa,B0007,124,10,75.38925374923957,74.90683099437412,69.28376759851228,72.5726707399281,72.23460568367256,75.38925374923957,75.285620747034
nasa,B0007,125,10,75.15980338018666,74.10387607196436,69.11402872001617,72.22626630621274,71.55438827436696,75.15980338018666,74.71679326733343
nasa,B0007,126,10,74.89110298497941,73.85577656406076,69.0150486487366,71.97615009339471,71.58064885480668,74.89110298497941,73.91305322351121
nasa,B0007,127,10,74.6424267316758,73.60386391528245,68.61200552662935,71.81443351452678,71.41338825473183,74.6424267316758,72.9527214757904
nasa,B0007,128,10,74.62071949335129,73.6124006828227,68.49107308446864,71.9649418195075,71.7411239752391,74.62071949335129,72.33213690002519
nasa,B0007,129,10,74.37413882690404,73.35053336137332,68.50576298768942,71.6313350166605,71.59484099822973,74.37413882690404,71.49200983539194
nasa,B0007,130,10,74.12675743202055,73.08836247667689,68.26333499859646,71.57073371500758,71.5340028295883,74.12675743202055,71.34363160274162
nasa,B0007,131,10,74.13937161114492,72.83476335244853,68.11455444784379,71.59778613205354,71.70342085507193,74.13937161114492,71.94637336724179
nasa,B0007,132,10,73.84855898875296,72.5677486379478,67.37170909166105,71.1858355397457,71.55396875399649,73.84855898875296,71.91149473888755
nasa,B0007,133,10,74.09507777068637,72.58079631286874,66.66892832733743,71.2883862369462,71.62895514342807,74.09507777068637,72.49637837786213
nasa,B0007,134,10,74.90683099437412,72.34080666086842,66.342471801329,71.92854233681146,71.71333643603977,74.90683099437412,74.08806179870862
nasa,B0007,135,10,74.10387607196436,72.33785303884392,66.0784590209237,71.25891540560498,70.91888352016078,74.10387607196436,73.53257023397038
nasa,B0007,136,10,73.85577656406076,72.06898740723396,66.26885736616447,70.99676989681849,70.62830306667001,73.85577656406076,73.34546467149787
nasa,B0007,137,10,73.60386391528245,71.8122812610409,66.88788250981533,70.75957009393127,70.52425094493027,73.60386391528245,72.97684901157443
nasa,B0007,138,10,73.6124006828227,71.84077076962414,66.6235909883013,70.7335480369586,70.4352366050639,73.6124006828227,72.98475409639859
nasa,B0007,139,10,73.35053336137332,71.81472572930024,65.65397291985461,70.26863535262464,70.14837109559573,73.35053336137332,72.53725172235995
nasa,B0007,140,10,73.08836247667689,72.09287657939008,65.75948265083449,70.1168564999663,70.06623818621058,73.08836247667689,71.90559594416985
nasa,B0007,141,10,72.83476335244853,73.36031742390898,65.62581281264323,70.10317928509518,70.40521413522441,72.83476335244853,71.2784606393568
nasa,B0007,142,10,72.5677486379478,72.59320183924443,65.90360886444607,70.12976360118256,70.8535494525764,72.5677486379478,70.45652460733653
nasa,B0007,143,10,72.58079631286874,72.35689876374249,64.79088145475536,70.06252310432063,70.48962266403451,72.58079631286874,70.24136347244499
nasa,B0007,144,10,72.34080666086842,72.08952932811995,64.52491189599895,69.81242333358125,70.15119689486195,72.34080666086842,70.36697964749266
nasa,B0007,145,10,72.33785303884392,71.58154739555555,64.49170451482132,69.82152404391617,70.06176647001152,72.33785303884392,70.503750756897
nasa,B0007,146,10,72.06898740723396,71.59042124836843,63.722994017506764,69.6709552480869,70.45325342610145,72.06898740723396,70.27661960185593
nasa,B0007,147,10,71.8122812610409,71.31281292553435,64.86300188483209,69.49231649447495,70.60718072469446,71.8122812610409,69.97026513595016
nasa,B0007,148,10,71.84077076962414,71.30438764462457,63.38290499892868,69.29315761409894,70.28362457802716,71.84077076962414,70.18749876898298
nasa,B0007,149,10,71.81472572930024,71.06316755015847,63.82532574526765,69.34440946885789,69.86740717537567,71.81472572930024,70.37615627295943
nasa,B0007,150,10,72.09287657939008,70.81636374397554,63.817158723108406,68.93974008473276,69.03376903735212,72.09287657939008,71.03210622391285
nasa,B0007,151,10,73.36031742390898,70.82890914587998,64.03004448076358,70.07290844727677,69.8750626593521,73.36031742390898,73.32027641346092
nasa,B0007,152,10,72.59320183924443,70.54200864712588,64.18264032261669,69.7713149900656,69.7650155656696,72.59320183924443,72.91375015780068
nasa,B0007,153,10,72.35689876374249,70.54974814173902,63.62933582334253,69.66925924516839,69.69042489823346,72.35689876374249,72.91475703809212
nasa,B0007,154,10,72.08952932811995,70.30857145199401,63.592881608781695,69.48535395593176,69.59752088047286,72.08952932811995,72.60600567981729
nasa,B0007,155,10,71.58154739555555,70.31679239846461,63.26177195176283,68.88571414902304,69.75776709732251,71.58154739555555,71.8080495476398
nasa,B0007,156,10,71.59042124836843,70.02276199533257,62.97546024381094,68.91436201221408,70.17813818543355,71.59042124836843,71.4442191410932
nasa,B0007,157,10,71.31281292553435,71.08932523027576,62.60031879046149,69.32916810784542,70.59752357121,71.31281292553435,70.5293544258148
nasa,B0007,158,10,71.30438764462457,71.62276360312717,62.276594052141796,69.47427150327718,71.03581003913865,71.30438764462457,69.95861176683893
nasa,B0018,6,10,91.42644423023194,88.5604519836349,89.02151715410713,87.24894270382788,87.75925749317139,91.42644423023194,88.9579814706227
nasa,B0018,7,10,91.06005947848962,88.43151998353538,88.617456593746,87.0143910757522,87.33625142833398,91.06005947848962,88.60211441837956
nasa,B0018,8,10,90.75850053216641,87.68152400958562,88.52297012201731,86.50202281296926,86.98287315751736,90.75850053216641,88.25846747992087
nasa,B0018,9,10,90.21490260483824,87.31098708207547,88.56155111771949,85.19430486330718,85.55303546311461,90.21490260483824,87.49949874152699
nasa,B0018,10,10,91.15501151422113,86.88323668526868,88.81630029812513,89.26699885256622,90.91962612608522,91.15501151422113,88.99086394475685
nasa,B0018,11,10,90.60626760127747,86.57583367737918,87.67066759083052,86.80576146819743,88.17395487430298,90.60626760127747,88.82766472813553
nasa,B0018,12,10,90.23458191058883,85.42974947235301,86.72919231912091,86.29156751551709,87.74916239879379,90.23458191058883,88.505026864994
nasa,B0018,13,10,89.54221748931475,85.57349785341056,86.65624221391533,85.8250711629979,87.12403773887225,89.54221748931475,87.5976242384098
nasa,B0018,14,10,89.1735361420963,85.37510686636314,86.35618323126863,85.37247492284142,86.45412453053929,89.1735361420963,86.8106977933553
nasa,B0018,15,10,89.04693062655352,87.46191032180114,86.52434873837237,87.2037352576309,88.5460317885103,89.04693062655352,86.55042111153476
nasa,B0018,16,10,88.5604519836349,86.63848573714978,85.7906810775229,84.81519140328739,85.89234733504482,88.5604519836349,85.83958187017433
nasa,B0018,17,10,88.43151998353538,86.11156664146188,84.56790717304541,84.82441527052349,85.5567262156063,88.43151998353538,85.51909922455
nasa,B0018,18,10,87.68152400958562,85.59231494923645,84.06428770458564,84.18498694538218,84.71662303912663,87.68152400958562,84.28603544233648
nasa,B0018,19,10,87.31098708207547,84.96339175633435,84.44865275747927,83.84035778776835,84.65221103722989,87.31098708207547,83.24088788819648
nasa,B0018,20,10,86.88323668526868,84.70183219621553,84.20659259323996,85.05052617514765,85.62638739632825,86.88323668526868,82.88393749975843
nasa,B0018,21,10,86.57583367737918,84.09513539384044,83.68471950194039,84.72228873720057,85.18981647404819,86.57583367737918,82.63162174536002
nasa,B0018,22,10,85.42974947235301,83.84885309216843,83.87405619941916,84.51572711865504,85.1331257953377,85.42974947235301,81.15623493958165
nasa,B0018,23,10,85.57349785341056,83.27614653239468,83.05275024144271,84.07448783867359,84.24875076783927,85.57349785341056,81.16991657879456
nasa,B0018,24,10,85.37510686636314,82.85962287916043,83.32530281772004,84.22331112097062,84.53658234596595,85.37510686636314,80.96851494499208
nasa,B0018,25,10,87.46191032180114,82.41120777647023,83.52321814620841,85.71055374123797,85.54191203364654,87.46191032180114,84.56657617667132
nasa,B0018,26,10,86.63848573714978,81.93850748993631,82.84803498586486,84.0081728306292,85.05720812827832,86.63848573714978,84.67307326374834
nasa,B0018,27,10,86.11156664146188,81.38243453631031,81.688921507107,82.41767927089022,82.40553579581979,86.11156664146188,84.93567636286056
nasa,B0018,28,10,85.59231494923645,81.107685113626,81.00497546410385,81.79502237196083,81.65930770894104,85.59231494923645,84.70392781941531
nasa,B0018,29,10,84.96339175633435,80.70033255233793,80.99469976504487,81.21565574812308,82.04806969098095,84.96339175633435,84.02567160450356
nasa,B0018,30,10,84.70183219621553,83.80258077212311,80.17428661980622,82.12991024691568,81.73509015748873,84.70183219621553,83.57150024937741
nasa,B0018,31,10,84.09513539384044,82.46503212760994,79.62789136196778,81.24846688667756,81.22220057557261,84.09513539384044,82.50074345017354
nasa,B0018,32,10,83.84885309216843,81.6191495929045,79.0699285841881,81.3553279026455,81.14323614117966,83.84885309216843,81.19269991511159
nasa,B0018,33,10,83.27614653239468,80.82079859512888,78.21889791404519,80.7765090180509,80.41219365725735,83.27614653239468,79.5333027834048
nasa,B0018,34,10,82.85962287916043,80.54514189124689,77.6037397316331,79.21932104328933,79.50465480817654,82.85962287916043,77.94910000704976
nasa,B0018,35,10,82.41120777647023,79.77319346847828,76.80500183090822,80.82953495895204,79.95835052053457,82.41120777647023,77.78452517881526
nasa,B0018,36,10,81.93850748993631,86.3353720042882,76.20930786861186,79.11292062219387,78.75016825653788,81.93850748993631,77.40108529283944
nasa,B0018,37,10,81.38243453631031,85.82836958714877,75.72721387780669,78.57038563338973,78.09403245577442,81.38243453631031,76.84937515548233
nasa,B0018,38,10,81.107685113626,84.79117785467423,76.05321070068752,78.52489717539267,78.2172403580718,81.107685113626,76.65618556674347
nasa,B0018,39,10,80.70033255233793,83.88891595396278,75.66537530808455,78.42589663411916,78.18080559387235,80.70033255233793,76.2325098998679
nasa,B0018,40,10,83.80258077212311,83.03293448887096,77.06516071730533,80.98786622815197,81.0005161149118,83.80258077212311,81.35293181556571
nasa,B0018,41,10,82.46503212760994,83.32054637413732,75.20205982813074,78.45760480859894,79.10090210746834,82.46503212760994,81.00852051674944
nasa,B0018,42,10,81.6191495929045,82.34168087203902,75.20869474622668,78.05377266554474,78.14007296898788,81.6191495929045,80.72778492784512
nasa,B0018,43,10,80.82079859512888,81.28819964389976,75.08078862392203,77.90696409923089,78.25891371506296,80.82079859512888,79.94757941290307
nasa,B0018,44,10,80.54514189124689,80.60788705937297,75.36911091660056,78.71062742341941,78.60975904822931,80.54514189124689,79.55964548603757
nasa,B0018,45,10,79.77319346847828,80.28683411877672,75.31391470521186,77.71027256467895,78.25713955345448,79.77319346847828,78.23595681248642
nasa,B0018,46,10,86.3353720042882,83.68226574399445,84.85343124121475,80.53672360187733,79.5644021365819,86.3353720042882,87.83039099365934
nasa,B0018,47,10,85.82836958714877,82.02174286174969,83.29778701684688,80.36845863508395,79.30715653249179,85.82836958714877,89.17542887201348
nasa,B0018,48,10,84.79117785467423,80.66326658711039,82.91634458051276,79.4418417186536,78.12912665380753,84.79117785467423,88.70246898997345
nasa,B0018,49,10,83.88891595396278,79.60482162343139,82.53435001792135,78.5551442637512,77.73320382627723,83.88891595396278,87.15424374195901
nasa,B0018,50,10,83.03293448887096,79.33005910349412,80.88007438581438,78.89205107435613,78.45441371402966,83.03293448887096,86.86707047068911
nasa,B0018,51,10,83.32054637413732,79.00383245168126,81.25029593898071,78.48629351231503,78.39451812248937,83.32054637413732,87.0819611221566
nasa,B0018,52,10,82.34168087203902,78.20866476644584,80.71392859766031,76.95708723206133,77.37359701354903,82.34168087203902,84.82882736239883
nasa,B0018,53,10,81.28819964389976,77.7809136096961,80.00027375490303,75.33308988172607,75.06366942386802,81.28819964389976,81.3066382046574
nasa,B0018,54,10,80.60788705937297,77.01022639318698,80.16521937791885,75.68798041269847,76.51014068715007,80.60788705937297,77.54611229046881
nasa,B0018,55,10,80.28683411877672,76.60806507979932,79.42527857547327,75.60096704441459,76.33674108784716,80.28683411877672,73.44748847766088
nasa,B0018,56,10,83.68226574399445,76.58116201846707,84.68903380798565,81.16873271340916,79.45362232663605,83.68226574399445,79.22992906219855
nasa,B0018,57,10,82.02174286174969,76.11297975385989,85.51392047925297,78.40843329272985,77.49732546138958,82.02174286174969,79.03426241150713
nasa,B0018,58,10,80.66326658711039,75.32633563425641,85.429238614172,77.31841675349769,77.1032957313975,80.66326658711039,78.16960345459229
nasa,B0018,59,10,79.60482162343139,75.07109778266464,85.20728433599692,76.25655369880546,76.07687348233337,79.60482162343139,76.9264871391948
nasa,B0018,60,10,79.33005910349412,74.81767058743229,84.83609901679601,74.91258802663798,74.99570661020799,79.33005910349412,76.26581265333408
nasa,B0018,61,10,79.00383245168126,76.6713100015621,84.63568663517894,76.35751115990082,76.00491797147191,79.00383245168126,76.01630686240789
nasa,B0018,62,10,78.20866476644584,76.1922633757213,84.6284373889647,74.4934680553493,74.08888374914237,78.20866476644584,74.73479325955684
nasa,B0018,63,10,77.7809136096961,75.05960497130619,84.073472833688,73.98488031752937,74.07111479682989,77.7809136096961,73.38602820282219
nasa,B0018,64,10,77.01022639318698,74.62088357251456,84.5067243747896,73.44214034237184,73.48461332365268,77.01022639318698,71.24553609784513
nasa,B0018,65,10,76.60806507979932,74.16619259700616,83.9411772682478,72.48620214299238,73.11845011626782,76.60806507979932,69.47625396661535
nasa,B0018,66,10,76.58116201846707,74.03688396147098,83.41333773747805,74.42216128022211,74.33390240161526,76.58116201846707,70.77708817249298
nasa,B0018,67,10,76.11297975385989,73.67538904951239,83.06776036186932,73.23664771964783,73.14082728231753,76.11297975385989,71.13499562145314
nasa,B0018,68,10,75.32633563425641,73.40096426333051,83.7955137548818,72.77227630096665,72.41500994112592,75.32633563425641,70.55592546501192
nasa,B0018,69,10,75.07109778266464,72.9046177855951,83.82043138478758,72.5997629935302,72.228637388759,75.07109778266464,70.31031167603166
nasa,B0018,70,10,74.81767058743229,72.39330494445699,84.66181652221489,72.26159793752822,72.17173838986149,74.81767058743229,70.29464279826739
nasa,B0018,71,10,76.6713100015621,72.6390438877099,83.40483060909614,73.83299471397898,73.89679508800315,76.6713100015621,73.72658832315919
nasa,B0018,72,10,76.1922633757213,72.12678182246216,81.95849313467414,72.27250332873847,72.47878552576097,76.1922633757213,74.31716785232776
nasa,B0018,73,10,75.05960497130619,71.96356438601657,82.12730029688805,71.16261689225819,71.60565885771976,75.05960497130619,73.59556677973815
nasa,B0018,74,10,74.62088357251456,71.43237840944109,81.91442792595035,70.72533945668444,70.9205976609545,74.62088357251456,73.14466424647229
nasa,B0018,75,10,74.16619259700616,71.24513375002448,81.96622915446387,70.25712532259418,70.5698753057464,74.16619259700616,72.45128864645972
nasa,B0018,76,10,74.03688396147098,73.49057662262062,82.08009592036373,71.2181876827561,71.96080220869388,74.03688396147098,72.29081257254849
nasa,B0018,77,10,73.67538904951239,72.62909825525101,81.3745941297936,69.8625102649937,70.68283796117926,73.67538904951239,71.69724700983124
nasa,B0018,78,10,73.40096426333051,72.1417099454397,81.26499231192805,69.55231708497955,70.02486968363385,73.40096426333051,70.81210145273418
nasa,B0018,79,10,72.9046177855951,71.41880294039746,81.12182952101665,69.11123011204697,69.91691017069641,72.9046177855951,69.49751954194572
nasa,B0018,80,10,72.39330494445699,70.77273922185357,81.49186921096249,68.68396064181698,69.6368259195699,72.39330494445699,67.98272552692666
nasa,B0018,81,10,72.6390438877099,72.7288335038854,80.11205313898921,70.20374921973416,70.91116269454889,72.6390438877099,68.88864483148993
nasa,B0018,82,10,72.12678182246216,71.41589774137029,79.73345403838273,69.3837664618235,69.7549186957074,72.12678182246216,68.92654256732374
nasa,B0018,83,10,71.96356438601657,70.98513441602029,79.55716495385298,68.20450837826193,69.53913401568576,71.96356438601657,68.9621372792289
nasa,B0018,84,10,71.43237840944109,70.77803315153258,79.62039480499553,67.35618200481717,67.856891987856,71.43237840944109,68.42282235977338
nasa,B0018,85,10,71.24513375002448,70.2840017709614,79.70498906367807,67.28497342657629,67.67180763918464,71.24513375002448,68.2086734641922
nasa,B0018,86,10,73.49057662262062,70.42230535583069,80.61356156236641,69.9133858792201,69.97554719223122,73.49057662262062,71.91986110404444
nasa,B0018,87,10,72.62909825525101,69.84273891436207,79.6538758612933,68.20661032566262,68.99316700181778,72.62909825525101,71.87945267604182
nasa,B0018,88,10,72.1417099454397,69.67835185720338,79.01309328769977,67.74729005564878,67.98508610510767,72.1417099454397,71.89115940573211
nasa,B0018,89,10,71.41880294039746,69.46822146404737,79.66986482986056,67.63599420096826,67.9741425152113,71.41880294039746,71.09477376354367
nasa,B0018,90,10,70.77273922185357,68.92825707833356,79.49218149052884,67.46260448371645,67.8167310259765,70.77273922185357,69.86205655761005
nasa,B0018,91,10,72.7288335038854,69.24505550428735,79.57435471682658,69.02147261654534,68.0319603158666,72.7288335038854,72.65871604069305
nasa,B0018,92,10,71.41589774137029,68.51625907121222,78.9143693836036,66.72789222388108,66.38023318295964,71.41589774137029,71.11780706633743
nasa,B0018,93,10,70.98513441602029,68.6673219261454,78.66472849318005,66.23481055203845,66.72529249707497,70.98513441602029,70.20146485842773
nasa,B0018,94,10,70.77803315153258,68.39743642752407,78.18503600502437,66.07268997522709,67.21841610899108,70.77803315153258,69.16029397303316
nasa,B0018,95,10,70.2840017709614,67.83570543544823,78.6346394079975,65.63029692797524,66.94976395701181,70.2840017709614,67.51720611319725
nasa,B0018,96,10,70.42230535583069,73.02155104597287,78.10330455885033,67.7102830004419,68.32663608626892,70.42230535583069,68.19535429883246
nasa,B0018,97,10,69.84273891436207,72.50499468552049,77.4428987692652,65.88876072318823,66.75678782450306,69.84273891436207,67.63709806535994
nasa,B0018,98,10,69.67835185720338,71.90703450912248,77.18725763992629,65.56242970108197,66.1484432001294,69.67835185720338,67.41717053495036
nasa,B0018,99,10,69.46822146404737,71.41840990482157,76.70524042039727,65.13965246949473,65.75673846233839,69.46822146404737,66.85353394627704
nasa,B0018,100,10,68.92825707833356,70.73937258776216,77.90652675918982,64.36000689927825,65.17886337678021,68.92825707833356,65.47126230912426
nasa,B0018,101,10,69.24505550428735,70.6944581696591,76.41367018573219,66.22483816040399,66.86288101240503,69.24505550428735,66.64618907291023
nasa,B0018,102,10,68.51625907121222,69.94665831088612,77.0048740646158,64.20863999934333,65.26293646989386,68.51625907121222,65.92498126335545
nasa,B0018,103,10,68.6673219261454,69.76661292016988,76.10699652188997,64.27623332886614,64.98076844790444,68.6673219261454,66.23032646640678
nasa,B0018,104,10,68.39743642752407,69.50230647701225,75.39821973670966,63.95796507501299,64.77245263998745,68.39743642752407,66.11039250273957
nasa,B0018,105,10,67.83570543544823,69.30135727104823,76.71104963059777,63.27485907405487,64.2200914980703,67.83570543544823,65.35141724762097
nasa,B0018,106,10,73.02155104597287,69.41076300968754,77.86204306177183,67.5597223517055,67.16362276991086,73.02155104597287,73.55762723748529
nasa,B0018,107,10,72.50499468552049,68.80913281197249,76.76073530380968,67.1771135053243,67.35270052658494,72.50499468552049,75.07823953028104
nasa,B0018,108,10,71.90703450912248,68.23584449320083,76.1616848261541,66.39768200384381,66.05357324355852,71.90703450912248,75.75899887024357
nasa,B0018,109,10,71.41840990482157,67.94927369686792,75.77786981407444,65.86548892504952,65.50337894855326,71.41840990482157,75.87234099034798
nasa,B0018,110,10,70.73937258776216,67.31154382004401,76.06757024092352,65.31423376727713,65.36104044970064,70.73937258776216,74.8285236717584
nasa,B0018,111,10,70.6944581696591,71.34213909227321,75.20566925130062,66.28549349453945,66.61558548899504,70.6944581696591,74.38600027659227
nasa,B0018,112,10,69.94665831088612,70.32240741639832,75.26689658770869,65.12476336935194,65.4400565004308,69.94665831088612,72.17115114842123
nasa,B0018,113,10,69.76661292016988,69.67453746037576,75.08120268240789,64.4629263873235,65.9268123239327,69.76661292016988,70.353176755487
nasa,B0018,114,10,69.50230647701225,69.41246756124659,74.86199002890851,64.19260878722085,65.773148075523,69.50230647701225,67.99360310033555
nasa,B0018,115,10,69.30135727104823,68.50939169210464,74.46992161202886,64.03545746687277,64.7562851923434,69.30135727104823,65.07936705416628
nasa,B0018,116,10,69.41076300968754,68.9847583280431,73.95730060538345,66.39176481767016,67.52051351894963,69.41076300968754,65.81473744910494
nasa,B0018,117,10,68.80913281197249,68.43293161967841,73.1460594851937,64.49251899393755,65.95284318680464,68.80913281197249,65.60421035182009
nasa,B0018,118,10,68.23584449320083,68.13685889548219,73.55215172407229,64.98770840030322,65.6919075253511,68.23584449320083,65.1586655539497
nasa,B0018,119,10,67.94927369686792,68.17025566964037,73.69979966406505,64.737948328826,66.06334363552759,67.94927369686792,64.96276992806573
nasa,B0018,120,10,67.31154382004401,67.59323017652616,74.64332760617978,63.96134785587664,64.95892870201727,67.31154382004401,64.03567237543866
nasa,B0018,121,10,71.34213909227321,67.7398486482631,74.75813993592205,67.42940979475506,67.42812475282619,71.34213909227321,70.36095793467463
nasa,B0018,122,10,70.32240741639832,67.05257203202424,73.60171006449771,66.57276788926681,66.52611725717286,70.32240741639832,70.50265925037597
